,areacode_s,areaname_s,garea_large.areacode_l,garea_large.areaname_l,garea_middle.areacode_m,garea_middle.areaname_m,pref.pref_code,pref.pref_name
0,AREAS5502,札幌駅,AREAL5500,札幌駅・大通・すすきの,AREAM5502,札幌駅,PREF01,北海道
1,AREAS5504,札幌大通・狸小路,AREAL5500,札幌駅・大通・すすきの,AREAM5504,札幌大通・狸小路,PREF01,北海道
2,AREAS5506,札幌すすきの,AREAL5500,札幌駅・大通・すすきの,AREAM5909,札幌すすきの,PREF01,北海道
3,AREAS5507,電車通り,AREAL5500,札幌駅・大通・すすきの,AREAM5910,電車通り,PREF01,北海道
4,AREAS5522,円山公園・西18丁目・宮の森,AREAL5522,円山公園・西18丁目・宮の森,AREAM5522,円山公園・西18丁目・宮の森,PREF01,北海道
5,AREAS5524,琴似・西区,AREAL5520,琴似・手稲,AREAM5524,琴似・西区,PREF01,北海道
6,AREAS5526,手稲区,AREAL5520,琴似・手稲,AREAM5911,手稲区,PREF01,北海道
7,AREAS5542,白石区,AREAL5540,白石・南郷・新さっぽろ,AREAM5542,白石区,PREF01,北海道
8,AREAS5544,南郷・北郷,AREAL5540,白石・南郷・新さっぽろ,AREAM5544,南郷・北郷,PREF01,北海道
9,AREAS5546,新さっぽろ・厚別区,AREAL5540,白石・南郷・新さっぽろ,AREAM5546,新さっぽろ・厚別区,PREF01,北海道
10,AREAS5562,平岸,AREAL5560,平岸・澄川・月寒・清田,AREAM5562,豊平区（平岸・月寒）,PREF01,北海道
11,AREAS5566,月寒・西岡,AREAL5560,平岸・澄川・月寒・清田,AREAM5562,豊平区（平岸・月寒）,PREF01,北海道
12,AREAS5564,澄川・真駒内,AREAL5560,平岸・澄川・月寒・清田,AREAM5914,南区（澄川・真駒内）,PREF01,北海道
13,AREAS5565,川沿・石山・その他南区,AREAL5560,平岸・澄川・月寒・清田,AREAM5914,南区（澄川・真駒内）,PREF01,北海道
14,AREAS5568,清田区,AREAL5560,平岸・澄川・月寒・清田,AREAM5566,清田区,PREF01,北海道
15,AREAS5582,北24条・北18条,AREAL5580,北24条・麻生・元町・栄町,AREAM5582,北区（北24条・麻生）,PREF01,北海道
16,AREAS5584,麻生,AREAL5580,北24条・麻生・元町・栄町,AREAM5582,北区（北24条・麻生）,PREF01,北海道
17,AREAS5585,その他北区,AREAL5580,北24条・麻生・元町・栄町,AREAM5582,北区（北24条・麻生）,PREF01,北海道
18,AREAS5586,東区役所,AREAL5580,北24条・麻生・元町・栄町,AREAM5586,東区（元町・栄町）,PREF01,北海道
19,AREAS5588,元町,AREAL5580,北24条・麻生・元町・栄町,AREAM5586,東区（元町・栄町）,PREF01,北海道
20,AREAS5589,栄町・その他東区,AREAL5580,北24条・麻生・元町・栄町,AREAM5586,東区（元町・栄町）,PREF01,北海道
21,AREAS5800,旭川,AREAL5800,旭川・富良野・名寄,AREAM5800,旭川,PREF01,北海道
22,AREAS5803,富良野・美瑛,AREAL5800,旭川・富良野・名寄,AREAM5803,富良野・美瑛,PREF01,北海道
23,AREAS5810,上川・和寒,AREAL5800,旭川・富良野・名寄,AREAM5810,上川・和寒,PREF01,北海道
24,AREAS5811,名寄・士別,AREAL5800,旭川・富良野・名寄,AREAM5811,名寄・士別,PREF01,北海道
25,AREAS5702,函館,AREAL5700,函館・松前・奥尻,AREAM5702,函館,PREF01,北海道
26,AREAS5704,七飯・松前・渡島,AREAL5700,函館・松前・奥尻,AREAM5704,七飯・松前・渡島,PREF01,北海道
27,AREAS5706,江差・奥尻・檜山,AREAL5700,函館・松前・奥尻,AREAM5706,江差・奥尻・檜山,PREF01,北海道
28,AREAS5602,小樽,AREAL5600,小樽・ニセコ・積丹,AREAM5602,小樽,PREF01,北海道
29,AREAS5710,ニセコ・倶知安,AREAL5600,小樽・ニセコ・積丹,AREAM5710,ニセコ・倶知安,PREF01,北海道
30,AREAS5605,余市・積丹,AREAL5600,小樽・ニセコ・積丹,AREAM5605,余市・積丹,PREF01,北海道
31,AREAS5607,島牧・寿都・黒松内,AREAL5600,小樽・ニセコ・積丹,AREAM5607,島牧・寿都・黒松内,PREF01,北海道
32,AREAS5603,石狩,AREAL5610,石狩・江別・千歳,AREAM5915,石狩,PREF01,北海道
33,AREAS5604,江別・北広島・恵庭,AREAL5610,石狩・江別・千歳,AREAM5604,江別・北広島・恵庭,PREF01,北海道
34,AREAS5606,千歳,AREAL5610,石狩・江別・千歳,AREAM5606,千歳,PREF01,北海道
35,AREAS5708,苫小牧,AREAL5710,苫小牧・室蘭,AREAM5708,苫小牧,PREF01,北海道
36,AREAS5909,室蘭,AREAL5710,苫小牧・室蘭,AREAM5912,室蘭,PREF01,北海道
37,AREAS5802,夕張・岩見沢,AREAL5802,夕張・岩見沢,AREAM5802,夕張・岩見沢,PREF01,北海道
38,AREAS5804,羽幌・留萌,AREAL5804,羽幌・留萌,AREAM5804,羽幌・留萌,PREF01,北海道
39,AREAS5806,稚内・宗谷,AREAL5806,稚内・宗谷,AREAM5806,稚内・宗谷,PREF01,北海道
40,AREAS5712,日高・えりも,AREAL5712,日高・えりも,AREAM5712,日高・えりも,PREF01,北海道
41,AREAS5902,帯広・十勝,AREAL5902,帯広・十勝,AREAM5902,帯広・十勝,PREF01,北海道
42,AREAS5904,釧路・阿寒,AREAL5900,釧路・阿寒,AREAM5904,釧路・阿寒,PREF01,北海道
43,AREAS5906,根室・中標津,AREAL5906,根室・中標津,AREAM5906,根室・中標津,PREF01,北海道
44,AREAS5908,網走,AREAL5908,網走,AREAM5908,網走,PREF01,北海道
45,AREAS5910,北見,AREAL5910,北見・紋別,AREAM5913,北見,PREF01,北海道
46,AREAS5916,紋別,AREAL5910,北見・紋別,AREAM5916,紋別,PREF01,北海道
47,AREAS6202,仙台駅西口,AREAL6205,仙台市,AREAM6202,仙台,PREF04,宮城県
48,AREAS6203,仙台駅東口,AREAL6205,仙台市,AREAM6202,仙台,PREF04,宮城県
49,AREAS6204,広瀬通一番町,AREAL6205,仙台市,AREAM6202,仙台,PREF04,宮城県
50,AREAS6206,県庁・市役所周辺,AREAL6205,仙台市,AREAM6202,仙台,PREF04,宮城県
51,AREAS6208,北仙台・東照宮・台原,AREAL6205,仙台市,AREAM6202,仙台,PREF04,宮城県
52,AREAS6212,国分町,AREAL6205,仙台市,AREAM6202,仙台,PREF04,宮城県
53,AREAS6214,青葉区郊外,AREAL6205,仙台市,AREAM6214,青葉区郊外,PREF04,宮城県
54,AREAS6222,泉区・泉中央・富谷,AREAL6205,仙台市,AREAM6222,泉区・泉中央・富谷,PREF04,宮城県
55,AREAS6232,長町・太白区,AREAL6205,仙台市,AREAM6232,長町・太白区,PREF04,宮城県
56,AREAS6240,宮城野区・若林区,AREAL6205,仙台市,AREAM6240,宮城野区・若林区,PREF04,宮城県
57,AREAS6262,名取・沿岸南部,AREAL6260,名取・白石・宮城県南部,AREAM6262,名取・沿岸南部,PREF04,宮城県
58,AREAS6266,大崎・古川・登米,AREAL6266,大崎・古川・登米,AREAM6266,大崎・古川・登米,PREF04,宮城県
59,AREAS6268,白石・蔵王,AREAL6260,名取・白石・宮城県南部,AREAM6268,白石・蔵王,PREF04,宮城県
60,AREAS6102,青森市中心部,AREAL6100,青森市,AREAM6102,青森市,PREF02,青森県
61,AREAS6103,青森市郊外,AREAL6100,青森市,AREAM6102,青森市,PREF02,青森県
62,AREAS6104,弘前中心部,AREAL6101,弘前・黒石・平川,AREAM6104,弘前,PREF02,青森県
63,AREAS6105,弘前郊外,AREAL6101,弘前・黒石・平川,AREAM6104,弘前,PREF02,青森県
64,AREAS6107,黒石・平川,AREAL6101,弘前・黒石・平川,AREAM6105,黒石・平川,PREF02,青森県
65,AREAS6106,つがる・鰺ヶ沢・深浦,AREAL6103,つがる・鰺ヶ沢・深浦,AREAM6433,つがる・鰺ヶ沢・深浦,PREF02,青森県
66,AREAS6108,五所川原・中泊,AREAL6104,五所川原・中泊,AREAM6106,五所川原・中泊,PREF02,青森県
67,AREAS6109,十和田,AREAL6105,十和田・七戸・東北町,AREAM6107,十和田,PREF02,青森県
68,AREAS6110,七戸・東北町,AREAL6105,十和田・七戸・東北町,AREAM6108,七戸・東北町,PREF02,青森県
69,AREAS6111,三沢,AREAL6106,三沢・三戸・五戸,AREAM6109,三沢,PREF02,青森県
70,AREAS6113,三戸・五戸・おいらせ,AREAL6106,三沢・三戸・五戸,AREAM6110,三戸・五戸・おいらせ,PREF02,青森県
71,AREAS6112,八戸中心部,AREAL6102,八戸,AREAM6112,八戸,PREF02,青森県
72,AREAS6115,八戸郊外,AREAL6102,八戸,AREAM6112,八戸,PREF02,青森県
73,AREAS6114,むつ市・大間・野辺地,AREAL6107,むつ市・大間・野辺地,AREAM6434,むつ市・大間・野辺地,PREF02,青森県
74,AREAS6153,盛岡大通,AREAL6150,盛岡,AREAM6152,盛岡,PREF03,岩手県
75,AREAS6154,盛岡菜園,AREAL6150,盛岡,AREAM6152,盛岡,PREF03,岩手県
76,AREAS6152,盛岡駅,AREAL6150,盛岡,AREAM6152,盛岡,PREF03,岩手県
77,AREAS6155,その他盛岡,AREAL6150,盛岡,AREAM6152,盛岡,PREF03,岩手県
78,AREAS6163,二戸,AREAL6151,二戸・八幡平・滝沢,AREAM6161,二戸,PREF03,岩手県
79,AREAS6162,八幡平・滝沢・紫波,AREAL6151,二戸・八幡平・滝沢,AREAM6162,八幡平・滝沢・紫波,PREF03,岩手県
80,AREAS6164,水沢,AREAL6154,奥州・一関・平泉,AREAM6163,奥州・金ケ崎,PREF03,岩手県
81,AREAS6165,その他奥州・金ケ崎,AREAL6154,奥州・一関・平泉,AREAM6163,奥州・金ケ崎,PREF03,岩手県
82,AREAS6166,一関・平泉,AREAL6154,奥州・一関・平泉,AREAM6164,一関・平泉,PREF03,岩手県
83,AREAS6172,花巻,AREAL6152,花巻・北上・遠野,AREAM6172,花巻,PREF03,岩手県
84,AREAS6174,北上・西和賀,AREAL6152,花巻・北上・遠野,AREAM6174,北上・西和賀,PREF03,岩手県
85,AREAS6173,遠野,AREAL6152,花巻・北上・遠野,AREAM6173,遠野,PREF03,岩手県
86,AREAS6181,洋野・久慈・普代,AREAL6153,三陸海岸沿岸部,AREAM6181,洋野・久慈・普代,PREF03,岩手県
87,AREAS6182,岩泉・宮古・山田,AREAL6153,三陸海岸沿岸部,AREAM6182,岩泉・宮古・山田,PREF03,岩手県
88,AREAS6183,釜石・大槌,AREAL6153,三陸海岸沿岸部,AREAM6183,釜石・大槌,PREF03,岩手県
89,AREAS6184,大船渡・陸前高田・住田,AREAL6153,三陸海岸沿岸部,AREAM6184,大船渡・陸前高田・住田,PREF03,岩手県
90,AREAS6252,松島・利府,AREAL6250,松島・石巻・気仙沼,AREAM6252,松島・利府,PREF04,宮城県
91,AREAS6254,塩釜・多賀城,AREAL6250,松島・石巻・気仙沼,AREAM6254,塩釜・多賀城,PREF04,宮城県
92,AREAS6264,石巻,AREAL6250,松島・石巻・気仙沼,AREAM6264,石巻,PREF04,宮城県
93,AREAS6433,気仙沼・南三陸,AREAL6250,松島・石巻・気仙沼,AREAM6435,気仙沼・南三陸,PREF04,宮城県
94,AREAS6301,大町・川反,AREAL6300,秋田市,AREAM6302,秋田市,PREF05,秋田県
95,AREAS6302,秋田駅周辺,AREAL6300,秋田市,AREAM6302,秋田市,PREF05,秋田県
96,AREAS6303,山王,AREAL6300,秋田市,AREAM6302,秋田市,PREF05,秋田県
97,AREAS6300,その他秋田市,AREAL6300,秋田市,AREAM6302,秋田市,PREF05,秋田県
98,AREAS6312,能代・八峰・藤里,AREAL6301,能代・山本・男鹿,AREAM6312,能代・八峰・藤里,PREF05,秋田県
99,AREAS6304,男鹿・大潟・五城目,AREAL6301,能代・山本・男鹿,AREAM6303,男鹿・大潟・五城目,PREF05,秋田県
100,AREAS6305,由利本荘・にかほ,AREAL6303,由利本荘・にかほ,AREAM6304,由利本荘・にかほ,PREF05,秋田県
101,AREAS6306,北秋田・大館・鹿角,AREAL6304,北秋田・大館・鹿角,AREAM6305,北秋田・大館・鹿角,PREF05,秋田県
102,AREAS6307,仙北・大仙,AREAL6302,仙北・大仙・横手,AREAM6306,仙北・大仙,PREF05,秋田県
103,AREAS6322,横手,AREAL6302,仙北・大仙・横手,AREAM6322,横手,PREF05,秋田県
104,AREAS6308,湯沢・羽後,AREAL6305,湯沢・羽後,AREAM6307,湯沢・羽後,PREF05,秋田県
105,AREAS6353,七日町,AREAL6350,山形市,AREAM6352,山形市,PREF06,山形県
106,AREAS6352,山形駅周辺,AREAL6350,山形市,AREAM6352,山形市,PREF06,山形県
107,AREAS6354,その他山形市,AREAL6350,山形市,AREAM6352,山形市,PREF06,山形県
108,AREAS6362,米沢・高畠・南陽,AREAL6351,米沢・置賜,AREAM6362,米沢・高畠・南陽,PREF06,山形県
109,AREAS6364,上山,AREAL6351,米沢・置賜,AREAM6364,上山,PREF06,山形県
110,AREAS6363,白鷹・長井・小国,AREAL6351,米沢・置賜,AREAM6363,白鷹・長井・小国,PREF06,山形県
111,AREAS6375,天童・東根・尾花沢,AREAL6353,天童・尾花沢・寒河江,AREAM6375,天童・東根・尾花沢,PREF06,山形県
112,AREAS6374,寒河江・大江・朝日町,AREAL6353,天童・尾花沢・寒河江,AREAM6374,寒河江・大江・朝日町,PREF06,山形県
113,AREAS6376,新庄・最上,AREAL6354,新庄・最上,AREAM6376,新庄・最上,PREF06,山形県
114,AREAS6434,酒田・遊佐,AREAL6352,酒田・遊佐,AREAM6436,酒田・遊佐,PREF06,山形県
115,AREAS6372,鶴岡・庄内,AREAL6355,鶴岡・庄内,AREAM6372,鶴岡・庄内,PREF06,山形県
116,AREAS6402,福島駅周辺,AREAL6400,福島市,AREAM6402,福島市,PREF07,福島県
117,AREAS6401,その他福島市,AREAL6400,福島市,AREAM6402,福島市,PREF07,福島県
118,AREAS6403,二本松・本宮,AREAL6403,二本松・本宮,AREAM6403,二本松・本宮,PREF07,福島県
119,AREAS6405,伊達・桑折・川俣,AREAL6404,伊達・桑折・川俣,AREAM6404,伊達・桑折・川俣,PREF07,福島県
120,AREAS6406,朝日・桑野,AREAL6405,郡山,AREAM6437,郡山,PREF07,福島県
121,AREAS6404,郡山駅周辺・陣屋,AREAL6405,郡山,AREAM6437,郡山,PREF07,福島県
122,AREAS6407,その他郡山,AREAL6405,郡山,AREAM6437,郡山,PREF07,福島県
123,AREAS6439,田村・小野・三春,AREAL6406,田村・小野・三春,AREAM6439,田村・小野・三春,PREF07,福島県
124,AREAS6440,須賀川・天栄,AREAL6407,須賀川・天栄,AREAM6440,須賀川・天栄,PREF07,福島県
125,AREAS6441,古殿・石川町・玉川村,AREAL6408,古殿・石川町・玉川村,AREAM6441,古殿・石川町・玉川村,PREF07,福島県
126,AREAS6435,白河・矢吹,AREAL6409,白河・矢吹,AREAM6438,白河・矢吹,PREF07,福島県
127,AREAS6422,いわき駅周辺,AREAL6401,いわき,AREAM6422,いわき,PREF07,福島県
128,AREAS6429,その他いわき,AREAL6401,いわき,AREAM6422,いわき,PREF07,福島県
129,AREAS6423,浪江・大熊・広野,AREAL6410,浪江・大熊・広野,AREAM6423,浪江・大熊・広野,PREF07,福島県
130,AREAS6424,相馬・南相馬,AREAL6411,相馬・南相馬,AREAM6424,相馬・南相馬,PREF07,福島県
131,AREAS6432,会津若松駅・神明通り商店街,AREAL6402,会津若松・喜多方,AREAM6432,会津若松,PREF07,福島県
132,AREAS6428,その他会津若松,AREAL6402,会津若松・喜多方,AREAM6432,会津若松,PREF07,福島県
133,AREAS6425,猪苗代・北塩原,AREAL6402,会津若松・喜多方,AREAM6425,猪苗代・北塩原,PREF07,福島県
134,AREAS6426,喜多方,AREAL6402,会津若松・喜多方,AREAM6426,喜多方,PREF07,福島県
135,AREAS6427,下郷・南会津・只見,AREAL6412,下郷・南会津・只見,AREAM6427,下郷・南会津・只見,PREF07,福島県
136,AREAS2101,銀座（和光・マロニエゲート銀座方面）,AREAL2101,銀座・有楽町・築地,AREAM2105,銀座,PREF13,東京都
137,AREAS2103,銀座（ギンザシックス・銀座コア方面）,AREAL2101,銀座・有楽町・築地,AREAM2105,銀座,PREF13,東京都
138,AREAS2107,新橋,AREAL2107,新橋・浜松町・田町,AREAM2107,新橋,PREF13,東京都
139,AREAS2108,汐留,AREAL2107,新橋・浜松町・田町,AREAM2928,汐留,PREF13,東京都
140,AREAS2133,赤坂,AREAL2133,赤坂・六本木・麻布,AREAM2133,赤坂,PREF13,東京都
141,AREAS2134,永田町,AREAL2133,赤坂・六本木・麻布,AREAM2943,永田町,PREF13,東京都
142,AREAS2135,虎ノ門,AREAL2107,新橋・浜松町・田町,AREAM2136,虎ノ門,PREF13,東京都
143,AREAS2172,浜松町・大門,AREAL2107,新橋・浜松町・田町,AREAM2172,浜松町・大門,PREF13,東京都
144,AREAS2173,芝浦,AREAL2107,新橋・浜松町・田町,AREAM2930,芝浦,PREF13,東京都
145,AREAS2174,芝公園・東京タワー周辺,AREAL2107,新橋・浜松町・田町,AREAM2929,芝公園・東京タワー周辺,PREF13,東京都
146,AREAS2175,田町・三田,AREAL2107,新橋・浜松町・田町,AREAM2175,田町・三田,PREF13,東京都
147,AREAS2191,飯田橋,AREAL2184,飯田橋・四ツ谷・神楽坂,AREAM2187,飯田橋,PREF13,東京都
148,AREAS2192,神楽坂,AREAL2184,飯田橋・四ツ谷・神楽坂,AREAM2192,神楽坂,PREF13,東京都
149,AREAS2309,宮崎台・鷺沼,AREAL2308,溝の口・たまプラーザ・青葉台,AREAM2309,宮崎台・鷺沼,PREF14,神奈川県
150,AREAS2322,横浜西口,AREAL2322,横浜・東神奈川,AREAM2322,横浜駅,PREF14,神奈川県
151,AREAS2324,横浜東口・高島,AREAL2322,横浜・東神奈川,AREAM2322,横浜駅,PREF14,神奈川県
152,AREAS2340,横浜元町・山下公園,AREAL2336,みなとみらい・関内・中華街,AREAM2340,横浜元町・山下公園,PREF14,神奈川県
153,AREAS2364,たまプラーザ・あざみ野,AREAL2308,溝の口・たまプラーザ・青葉台,AREAM2364,たまプラーザ・あざみ野,PREF14,神奈川県
154,AREAS2424,朝霞,AREAL2432,朝霞・川越・坂戸,AREAM2424,朝霞,PREF11,埼玉県
155,AREAS2434,川越,AREAL2432,朝霞・川越・坂戸,AREAM2434,川越,PREF11,埼玉県
156,AREAS2452,東松山・鶴ヶ島,AREAL2432,朝霞・川越・坂戸,AREAM2452,東松山・鶴ヶ島,PREF11,埼玉県
157,AREAS2474,入間,AREAL2452,所沢・入間・狭山,AREAM3048,入間,PREF11,埼玉県
158,AREAS2475,狭山,AREAL2452,所沢・入間・狭山,AREAM2435,狭山,PREF11,埼玉県
159,AREAS2476,ふじみ野・上福岡,AREAL2432,朝霞・川越・坂戸,AREAM3044,ふじみ野・上福岡,PREF11,埼玉県
160,AREAS2542,柏,AREAL2542,柏・松戸・我孫子,AREAM2542,柏,PREF12,千葉県
161,AREAS2544,松戸,AREAL2542,柏・松戸・我孫子,AREAM2544,松戸,PREF12,千葉県
162,AREAS2546,野田,AREAL2542,柏・松戸・我孫子,AREAM2546,野田,PREF12,千葉県
163,AREAS2548,我孫子,AREAL2542,柏・松戸・我孫子,AREAM2548,我孫子,PREF12,千葉県
164,AREAS2550,木更津,AREAL2564,内房・外房・銚子,AREAM2556,木更津,PREF12,千葉県
165,AREAS2552,鎌ヶ谷,AREAL2542,柏・松戸・我孫子,AREAM2552,鎌ヶ谷,PREF12,千葉県
166,AREAS2553,白井・印西,AREAL2562,成田・八千代・佐倉,AREAM2553,白井・印西,PREF12,千葉県
167,AREAS2554,八千代・佐倉・四街道,AREAL2562,成田・八千代・佐倉,AREAM2554,八千代・佐倉・四街道,PREF12,千葉県
168,AREAS2556,市原,AREAL2564,内房・外房・銚子,AREAM3055,市原,PREF12,千葉県
169,AREAS2558,茂原,AREAL2564,内房・外房・銚子,AREAM2558,茂原,PREF12,千葉県
170,AREAS2560,東金・九十九里,AREAL2564,内房・外房・銚子,AREAM2560,東金・九十九里,PREF12,千葉県
171,AREAS2562,成田・佐原,AREAL2562,成田・八千代・佐倉,AREAM2562,成田・佐原,PREF12,千葉県
172,AREAS2607,藤岡・玉村,AREAL2604,富岡・藤岡・安中,AREAM2607,藤岡・玉村,PREF10,群馬県
173,AREAS2608,下仁田・上野村・神流町,AREAL2604,富岡・藤岡・安中,AREAM2608,下仁田・上野村・神流町,PREF10,群馬県
174,AREAS2609,富岡,AREAL2604,富岡・藤岡・安中,AREAM2609,富岡,PREF10,群馬県
175,AREAS2610,安中,AREAL2604,富岡・藤岡・安中,AREAM2606,安中,PREF10,群馬県
176,AREAS2614,伊勢崎,AREAL2605,伊勢崎,AREAM2614,伊勢崎,PREF10,群馬県
177,AREAS2810,牛久・龍ケ崎・阿見,AREAL2805,県南地域,AREAM2810,牛久・龍ケ崎・阿見,PREF08,茨城県
178,AREAS2818,天久保・筑波大学周辺,AREAL2802,つくば,AREAM2822,つくば,PREF08,茨城県
179,AREAS2819,研究学園,AREAL2802,つくば,AREAM2822,つくば,PREF08,茨城県
180,AREAS2820,その他つくば,AREAL2802,つくば,AREAM2822,つくば,PREF08,茨城県
181,AREAS2822,つくば駅,AREAL2802,つくば,AREAM2822,つくば,PREF08,茨城県
182,AREAS2940,和光市,AREAL2432,朝霞・川越・坂戸,AREAM3045,和光市,PREF11,埼玉県
183,AREAS2941,志木,AREAL2432,朝霞・川越・坂戸,AREAM3046,志木,PREF11,埼玉県
184,AREAS2942,坂戸,AREAL2432,朝霞・川越・坂戸,AREAM3047,坂戸,PREF11,埼玉県
185,AREAS2948,流山,AREAL2542,柏・松戸・我孫子,AREAM3054,流山,PREF12,千葉県
186,AREAS2949,館山,AREAL2564,内房・外房・銚子,AREAM3056,館山,PREF12,千葉県
187,AREAS2950,鴨川,AREAL2564,内房・外房・銚子,AREAM3057,鴨川,PREF12,千葉県
188,AREAS2951,勝浦,AREAL2564,内房・外房・銚子,AREAM3058,勝浦,PREF12,千葉県
189,AREAS2952,銚子,AREAL2564,内房・外房・銚子,AREAM3059,銚子,PREF12,千葉県
190,AREAS2953,渋川・伊香保,AREAL2603,渋川・伊香保,AREAM3060,渋川・伊香保,PREF10,群馬県
191,AREAS2960,土浦,AREAL2805,県南地域,AREAM3071,土浦,PREF08,茨城県
192,AREAS2961,守谷,AREAL2805,県南地域,AREAM3072,守谷,PREF08,茨城県
193,AREAS2965,取手,AREAL2805,県南地域,AREAM3080,取手,PREF08,茨城県
194,AREAS2102,銀座（三越・松屋方面）,AREAL2101,銀座・有楽町・築地,AREAM2105,銀座,PREF13,東京都
195,AREAS2104,銀座（ソニービル・旧日航ホテル方面）,AREAL2101,銀座・有楽町・築地,AREAM2105,銀座,PREF13,東京都
196,AREAS2105,銀座（東急プラザ・コリドー街方面）,AREAL2101,銀座・有楽町・築地,AREAM2105,銀座,PREF13,東京都
197,AREAS2809,石岡・かすみがうら市,AREAL2805,県南地域,AREAM2809,石岡・かすみがうら市,PREF08,茨城県
198,AREAS2308,溝の口,AREAL2308,溝の口・たまプラーザ・青葉台,AREAM2308,溝の口,PREF14,神奈川県
199,AREAS2330,みなとみらい,AREAL2336,みなとみらい・関内・中華街,AREAM2324,みなとみらい,PREF14,神奈川県
200,AREAS2432,所沢,AREAL2452,所沢・入間・狭山,AREAM2432,所沢,PREF11,埼玉県
201,AREAS2106,有楽町・日比谷,AREAL2101,銀座・有楽町・築地,AREAM2106,有楽町・日比谷,PREF13,東京都
202,AREAS2186,九段下,AREAL2184,飯田橋・四ツ谷・神楽坂,AREAM2956,九段下,PREF13,東京都
203,AREAS2326,平沼,AREAL2322,横浜・東神奈川,AREAM2326,平沼,PREF14,神奈川県
204,AREAS2334,桜木町,AREAL2336,みなとみらい・関内・中華街,AREAM3018,桜木町,PREF14,神奈川県
205,AREAS2109,築地,AREAL2101,銀座・有楽町・築地,AREAM2109,築地,PREF13,東京都
206,AREAS2136,霞ヶ関,AREAL2133,赤坂・六本木・麻布,AREAM2944,霞ヶ関,PREF13,東京都
207,AREAS2328,浅間下,AREAL2322,横浜・東神奈川,AREAM2328,浅間下,PREF14,神奈川県
208,AREAS2332,関内・馬車道,AREAL2336,みなとみらい・関内・中華街,AREAM2332,関内・馬車道,PREF14,神奈川県
209,AREAS2110,月島,AREAL2101,銀座・有楽町・築地,AREAM2927,月島,PREF13,東京都
210,AREAS2195,市ヶ谷,AREAL2184,飯田橋・四ツ谷・神楽坂,AREAM2195,市ヶ谷,PREF13,東京都
211,AREAS2338,伊勢佐木町・長者町,AREAL2336,みなとみらい・関内・中華街,AREAM3019,伊勢佐木町・長者町,PREF14,神奈川県
212,AREAS2346,新子安・東神奈川,AREAL2322,横浜・東神奈川,AREAM2346,新子安・東神奈川,PREF14,神奈川県
213,AREAS2196,四谷（四ツ谷）,AREAL2184,飯田橋・四ツ谷・神楽坂,AREAM2957,四谷（四ツ谷）,PREF13,東京都
214,AREAS2336,横浜中華街,AREAL2336,みなとみらい・関内・中華街,AREAM2336,横浜中華街,PREF14,神奈川県
215,AREAS2365,青葉台,AREAL2308,溝の口・たまプラーザ・青葉台,AREAM2365,青葉台,PREF14,神奈川県
216,AREAS2394,三ツ沢・片倉,AREAL2322,横浜・東神奈川,AREAM2394,三ツ沢・片倉,PREF14,神奈川県
217,AREAS2928,神谷町,AREAL2133,赤坂・六本木・麻布,AREAM2945,神谷町,PREF13,東京都
218,AREAS2132,六本木（麻布方面）,AREAL2133,赤坂・六本木・麻布,AREAM2132,六本木,PREF13,東京都
219,AREAS2121,六本木（乃木坂方面）,AREAL2133,赤坂・六本木・麻布,AREAM2132,六本木,PREF13,東京都
220,AREAS2197,半蔵門・麹町,AREAL2184,飯田橋・四ツ谷・神楽坂,AREAM2958,半蔵門・麹町,PREF13,東京都
221,AREAS2138,西麻布,AREAL2133,赤坂・六本木・麻布,AREAM2946,西麻布,PREF13,東京都
222,AREAS2194,信濃町,AREAL2184,飯田橋・四ツ谷・神楽坂,AREAM2959,信濃町,PREF13,東京都
223,AREAS2139,広尾,AREAL2133,赤坂・六本木・麻布,AREAM2138,広尾,PREF13,東京都
224,AREAS2344,本牧・山手,AREAL2336,みなとみらい・関内・中華街,AREAM3021,本牧・山手,PREF14,神奈川県
225,AREAS2137,麻布十番,AREAL2133,赤坂・六本木・麻布,AREAM2947,麻布十番,PREF13,東京都
226,AREAS2140,白金・白金台,AREAL2133,赤坂・六本木・麻布,AREAM2137,白金・白金台,PREF13,東京都
227,AREAS2115,新宿東口・歌舞伎町,AREAL2115,新宿・代々木,AREAM2115,新宿,PREF13,東京都
228,AREAS2927,新宿三丁目,AREAL2115,新宿・代々木,AREAM2115,新宿,PREF13,東京都
229,AREAS2117,新宿御苑周辺,AREAL2115,新宿・代々木,AREAM2115,新宿,PREF13,東京都
230,AREAS2119,西新宿,AREAL2115,新宿・代々木,AREAM2115,新宿,PREF13,東京都
231,AREAS2120,新宿西口・都庁前,AREAL2115,新宿・代々木,AREAM2115,新宿,PREF13,東京都
232,AREAS2118,新宿南口・代々木,AREAL2115,新宿・代々木,AREAM2115,新宿,PREF13,東京都
233,AREAS2210,初台,AREAL2115,新宿・代々木,AREAM2933,初台,PREF13,東京都
234,AREAS2193,千駄ヶ谷,AREAL2115,新宿・代々木,AREAM2934,千駄ヶ谷,PREF13,東京都
235,AREAS2122,大久保,AREAL2116,大久保・高田馬場,AREAM2122,大久保,PREF13,東京都
236,AREAS2123,高田馬場,AREAL2116,大久保・高田馬場,AREAM2123,高田馬場,PREF13,東京都
237,AREAS2124,早稲田,AREAL2116,大久保・高田馬場,AREAM2935,早稲田,PREF13,東京都
238,AREAS2125,センター街・公園通り,AREAL2125,渋谷・原宿・青山,AREAM2126,渋谷,PREF13,東京都
239,AREAS2126,道玄坂・神泉,AREAL2125,渋谷・原宿・青山,AREAM2126,渋谷,PREF13,東京都
240,AREAS2127,渋谷東口・宮益坂,AREAL2125,渋谷・原宿・青山,AREAM2126,渋谷,PREF13,東京都
241,AREAS2128,渋谷南口,AREAL2125,渋谷・原宿・青山,AREAM2126,渋谷,PREF13,東京都
242,AREAS2129,原宿,AREAL2125,渋谷・原宿・青山,AREAM2129,原宿,PREF13,東京都
243,AREAS2130,表参道・青山,AREAL2125,渋谷・原宿・青山,AREAM2130,表参道・青山,PREF13,東京都
244,AREAS2131,外苑前・青山一丁目,AREAL2125,渋谷・原宿・青山,AREAM2936,外苑前・青山一丁目,PREF13,東京都
245,AREAS2156,池袋東口・東池袋,AREAL2156,池袋・巣鴨・駒込,AREAM2157,池袋,PREF13,東京都
246,AREAS2261,西武東口・南池袋,AREAL2156,池袋・巣鴨・駒込,AREAM2157,池袋,PREF13,東京都
247,AREAS2157,池袋西口,AREAL2156,池袋・巣鴨・駒込,AREAM2157,池袋,PREF13,東京都
248,AREAS2159,目白,AREAL2156,池袋・巣鴨・駒込,AREAM2159,目白,PREF13,東京都
249,AREAS2158,護国寺,AREAL2156,池袋・巣鴨・駒込,AREAM2158,護国寺,PREF13,東京都
250,AREAS2160,大塚,AREAL2156,池袋・巣鴨・駒込,AREAM2160,大塚,PREF13,東京都
251,AREAS2161,巣鴨,AREAL2156,池袋・巣鴨・駒込,AREAM2937,巣鴨,PREF13,東京都
252,AREAS2162,駒込,AREAL2156,池袋・巣鴨・駒込,AREAM2938,駒込,PREF13,東京都
253,AREAS2163,白山,AREAL2156,池袋・巣鴨・駒込,AREAM2939,白山,PREF13,東京都
254,AREAS2141,丸の内,AREAL2141,東京駅・丸の内・日本橋,AREAM2141,丸の内,PREF13,東京都
255,AREAS2259,大手町,AREAL2141,東京駅・丸の内・日本橋,AREAM2940,大手町,PREF13,東京都
256,AREAS2260,東京駅（八重洲）,AREAL2141,東京駅・丸の内・日本橋,AREAM2941,東京駅（八重洲）,PREF13,東京都
257,AREAS2143,日本橋,AREAL2141,東京駅・丸の内・日本橋,AREAM2143,日本橋,PREF13,東京都
258,AREAS2144,京橋,AREAL2141,東京駅・丸の内・日本橋,AREAM2942,京橋,PREF13,東京都
259,AREAS2145,三越前,AREAL2141,東京駅・丸の内・日本橋,AREAM2145,三越前,PREF13,東京都
260,AREAS2198,上野,AREAL2198,上野・浅草・日暮里,AREAM2198,上野,PREF13,東京都
261,AREAS2199,御徒町,AREAL2198,上野・浅草・日暮里,AREAM2948,御徒町,PREF13,東京都
262,AREAS2187,湯島,AREAL2198,上野・浅草・日暮里,AREAM2949,湯島,PREF13,東京都
263,AREAS2205,浅草,AREAL2198,上野・浅草・日暮里,AREAM2205,浅草,PREF13,東京都
264,AREAS2201,日暮里,AREAL2198,上野・浅草・日暮里,AREAM2201,日暮里,PREF13,東京都
265,AREAS2202,田端,AREAL2198,上野・浅草・日暮里,AREAM2950,田端,PREF13,東京都
266,AREAS2203,根津,AREAL2198,上野・浅草・日暮里,AREAM2951,根津,PREF13,東京都
267,AREAS2204,千駄木,AREAL2198,上野・浅草・日暮里,AREAM2202,千駄木,PREF13,東京都
268,AREAS2142,神田,AREAL2142,神田・秋葉原・水道橋,AREAM2142,神田,PREF13,東京都
269,AREAS2200,秋葉原,AREAL2142,神田・秋葉原・水道橋,AREAM2200,秋葉原,PREF13,東京都
270,AREAS2184,御茶ノ水,AREAL2142,神田・秋葉原・水道橋,AREAM2184,御茶ノ水,PREF13,東京都
271,AREAS2185,神保町,AREAL2142,神田・秋葉原・水道橋,AREAM2952,神保町,PREF13,東京都
272,AREAS2189,水道橋,AREAL2142,神田・秋葉原・水道橋,AREAM2953,水道橋,PREF13,東京都
273,AREAS2190,小石川,AREAL2142,神田・秋葉原・水道橋,AREAM2954,小石川,PREF13,東京都
274,AREAS2188,本郷,AREAL2142,神田・秋葉原・水道橋,AREAM2955,本郷,PREF13,東京都
275,AREAS2169,品川（アトレ品川・インターシティ方面）,AREAL2169,品川・五反田・大崎,AREAM2169,品川,PREF13,東京都
276,AREAS2170,品川（高輪方面）,AREAL2169,品川・五反田・大崎,AREAM2169,品川,PREF13,東京都
277,AREAS2176,五反田,AREAL2169,品川・五反田・大崎,AREAM2176,五反田,PREF13,東京都
278,AREAS2177,大崎,AREAL2169,品川・五反田・大崎,AREAM2960,大崎,PREF13,東京都
279,AREAS2257,戸越銀座・旗の台,AREAL2169,品川・五反田・大崎,AREAM2961,戸越銀座・旗の台,PREF13,東京都
280,AREAS2171,天王洲アイル周辺,AREAL2169,品川・五反田・大崎,AREAM2171,天王洲アイル周辺,PREF13,東京都
281,AREAS2113,お台場,AREAL2170,お台場・豊洲・湾岸,AREAM2113,お台場,PREF13,東京都
282,AREAS2114,有明,AREAL2170,お台場・豊洲・湾岸,AREAM2962,有明,PREF13,東京都
283,AREAS2111,晴海,AREAL2170,お台場・豊洲・湾岸,AREAM2963,晴海,PREF13,東京都
284,AREAS2112,豊洲,AREAL2170,お台場・豊洲・湾岸,AREAM2111,豊洲,PREF13,東京都
285,AREAS2178,恵比寿（広尾・ガーデンプレイス方面）,AREAL2178,恵比寿・中目黒・目黒,AREAM2178,恵比寿,PREF13,東京都
286,AREAS2262,恵比寿（中目黒・代官山方面）,AREAL2178,恵比寿・中目黒・目黒,AREAM2178,恵比寿,PREF13,東京都
287,AREAS2179,代官山,AREAL2178,恵比寿・中目黒・目黒,AREAM2964,代官山,PREF13,東京都
288,AREAS2181,中目黒,AREAL2178,恵比寿・中目黒・目黒,AREAM2181,中目黒,PREF13,東京都
289,AREAS2182,祐天寺,AREAL2178,恵比寿・中目黒・目黒,AREAM2965,祐天寺,PREF13,東京都
290,AREAS2180,目黒,AREAL2178,恵比寿・中目黒・目黒,AREAM2180,目黒,PREF13,東京都
291,AREAS2297,不動前・武蔵小山,AREAL2178,恵比寿・中目黒・目黒,AREAM2966,不動前・武蔵小山,PREF13,東京都
292,AREAS2164,自由が丘,AREAL2164,自由が丘・三軒茶屋・二子玉川,AREAM2164,自由が丘,PREF13,東京都
293,AREAS2165,田園調布,AREAL2164,自由が丘・三軒茶屋・二子玉川,AREAM2967,田園調布,PREF13,東京都
294,AREAS2183,学芸大学,AREAL2164,自由が丘・三軒茶屋・二子玉川,AREAM2968,学芸大学,PREF13,東京都
295,AREAS2166,三軒茶屋,AREAL2164,自由が丘・三軒茶屋・二子玉川,AREAM2166,三軒茶屋,PREF13,東京都
296,AREAS2298,池尻大橋・三宿,AREAL2164,自由が丘・三軒茶屋・二子玉川,AREAM2969,池尻大橋・三宿,PREF13,東京都
297,AREAS2167,駒澤大学,AREAL2164,自由が丘・三軒茶屋・二子玉川,AREAM2970,駒澤大学,PREF13,東京都
298,AREAS2168,二子玉川・用賀,AREAL2164,自由が丘・三軒茶屋・二子玉川,AREAM2168,二子玉川・用賀,PREF13,東京都
299,AREAS2207,下北沢,AREAL2207,下北沢・明大前・成城学園前,AREAM2207,下北沢,PREF13,東京都
300,AREAS2208,代々木上原,AREAL2207,下北沢・明大前・成城学園前,AREAM2971,代々木上原,PREF13,東京都
301,AREAS2209,笹塚,AREAL2207,下北沢・明大前・成城学園前,AREAM2209,笹塚,PREF13,東京都
302,AREAS2211,明大前,AREAL2207,下北沢・明大前・成城学園前,AREAM2972,明大前,PREF13,東京都
303,AREAS2212,高井戸,AREAL2207,下北沢・明大前・成城学園前,AREAM2973,高井戸,PREF13,東京都
304,AREAS2214,千歳烏山・仙川,AREAL2207,下北沢・明大前・成城学園前,AREAM2211,千歳烏山・仙川,PREF13,東京都
305,AREAS2215,豪徳寺・経堂,AREAL2207,下北沢・明大前・成城学園前,AREAM2215,豪徳寺・経堂,PREF13,東京都
306,AREAS2216,千歳船橋・成城学園前,AREAL2207,下北沢・明大前・成城学園前,AREAM2974,千歳船橋・成城学園前,PREF13,東京都
307,AREAS2263,喜多見・狛江,AREAL2207,下北沢・明大前・成城学園前,AREAM2975,喜多見・狛江,PREF13,東京都
308,AREAS2217,中野,AREAL2217,中野・吉祥寺・三鷹,AREAM2217,中野,PREF13,東京都
309,AREAS2219,荻窪,AREAL2217,中野・吉祥寺・三鷹,AREAM2976,荻窪,PREF13,東京都
310,AREAS2220,高円寺,AREAL2217,中野・吉祥寺・三鷹,AREAM2977,高円寺,PREF13,東京都
311,AREAS2213,方南町,AREAL2217,中野・吉祥寺・三鷹,AREAM2978,方南町,PREF13,東京都
312,AREAS2218,落合,AREAL2217,中野・吉祥寺・三鷹,AREAM2979,落合,PREF13,東京都
313,AREAS2221,井荻,AREAL2217,中野・吉祥寺・三鷹,AREAM2980,井荻,PREF13,東京都
314,AREAS2276,吉祥寺,AREAL2217,中野・吉祥寺・三鷹,AREAM2276,吉祥寺,PREF13,東京都
315,AREAS2277,三鷹,AREAL2217,中野・吉祥寺・三鷹,AREAM2981,三鷹,PREF13,東京都
316,AREAS2222,練馬,AREAL2222,練馬・江古田・田無,AREAM2222,練馬,PREF13,東京都
317,AREAS2224,平和台,AREAL2222,練馬・江古田・田無,AREAM2982,平和台,PREF13,東京都
318,AREAS2225,光が丘,AREAL2222,練馬・江古田・田無,AREAM2983,光が丘,PREF13,東京都
319,AREAS2227,大泉学園,AREAL2222,練馬・江古田・田無,AREAM2984,大泉学園,PREF13,東京都
320,AREAS2223,江古田,AREAL2222,練馬・江古田・田無,AREAM2985,江古田,PREF13,東京都
321,AREAS2226,上石神井,AREAL2222,練馬・江古田・田無,AREAM2986,上石神井,PREF13,東京都
322,AREAS2282,田無,AREAL2222,練馬・江古田・田無,AREAM2987,田無,PREF13,東京都
323,AREAS2283,東久留米,AREAL2222,練馬・江古田・田無,AREAM2282,東久留米,PREF13,東京都
324,AREAS2284,東村山,AREAL2222,練馬・江古田・田無,AREAM2988,東村山,PREF13,東京都
325,AREAS2285,清瀬,AREAL2222,練馬・江古田・田無,AREAM2989,清瀬,PREF13,東京都
326,AREAS2228,錦糸町,AREAL2228,錦糸町・押上・新小岩,AREAM2228,錦糸町・住吉,PREF13,東京都
327,AREAS2155,住吉,AREAL2228,錦糸町・押上・新小岩,AREAM2228,錦糸町・住吉,PREF13,東京都
328,AREAS2230,押上,AREAL2228,錦糸町・押上・新小岩,AREAM2990,押上,PREF13,東京都
329,AREAS2229,両国,AREAL2228,錦糸町・押上・新小岩,AREAM2991,両国,PREF13,東京都
330,AREAS2206,浅草橋,AREAL2228,錦糸町・押上・新小岩,AREAM2230,浅草橋,PREF13,東京都
331,AREAS2231,亀戸,AREAL2228,錦糸町・押上・新小岩,AREAM2992,亀戸,PREF13,東京都
332,AREAS2232,新小岩,AREAL2228,錦糸町・押上・新小岩,AREAM2993,新小岩,PREF13,東京都
333,AREAS2233,小岩,AREAL2228,錦糸町・押上・新小岩,AREAM2232,小岩,PREF13,東京都
334,AREAS2235,船堀,AREAL2228,錦糸町・押上・新小岩,AREAM2234,船堀・瑞江,PREF13,東京都
335,AREAS2236,瑞江,AREAL2228,錦糸町・押上・新小岩,AREAM2234,船堀・瑞江,PREF13,東京都
336,AREAS2234,大島,AREAL2228,錦糸町・押上・新小岩,AREAM2234,船堀・瑞江,PREF13,東京都
337,AREAS2148,人形町・小伝馬町,AREAL2146,人形町・門前仲町・葛西,AREAM2148,人形町・小伝馬町,PREF13,東京都
338,AREAS2146,茅場町,AREAL2146,人形町・門前仲町・葛西,AREAM2146,茅場町,PREF13,東京都
339,AREAS2147,八丁堀,AREAL2146,人形町・門前仲町・葛西,AREAM2996,八丁堀,PREF13,東京都
340,AREAS2149,門前仲町,AREAL2146,人形町・門前仲町・葛西,AREAM2149,門前仲町,PREF13,東京都
341,AREAS2151,清澄白河,AREAL2146,人形町・門前仲町・葛西,AREAM2997,清澄白河,PREF13,東京都
342,AREAS2152,木場,AREAL2146,人形町・門前仲町・葛西,AREAM2998,木場,PREF13,東京都
343,AREAS2153,東陽町,AREAL2146,人形町・門前仲町・葛西,AREAM2999,東陽町,PREF13,東京都
344,AREAS2154,菊川,AREAL2146,人形町・門前仲町・葛西,AREAM2153,南砂町・菊川,PREF13,東京都
345,AREAS2238,南砂町,AREAL2146,人形町・門前仲町・葛西,AREAM2153,南砂町・菊川,PREF13,東京都
346,AREAS2237,西葛西・葛西,AREAL2146,人形町・門前仲町・葛西,AREAM2237,西葛西・葛西,PREF13,東京都
347,AREAS2239,新木場,AREAL2146,人形町・門前仲町・葛西,AREAM2239,新木場・葛西臨海公園,PREF13,東京都
348,AREAS2240,葛西臨海公園,AREAL2146,人形町・門前仲町・葛西,AREAM2239,新木場・葛西臨海公園,PREF13,東京都
349,AREAS2241,南千住,AREAL2241,北千住・綾瀬・亀有,AREAM3000,南千住,PREF13,東京都
350,AREAS2242,町屋,AREAL2241,北千住・綾瀬・亀有,AREAM2241,町屋,PREF13,東京都
351,AREAS2243,北千住,AREAL2241,北千住・綾瀬・亀有,AREAM2243,北千住,PREF13,東京都
352,AREAS2245,綾瀬,AREAL2241,北千住・綾瀬・亀有,AREAM3001,綾瀬,PREF13,東京都
353,AREAS2244,西新井,AREAL2241,北千住・綾瀬・亀有,AREAM3002,西新井,PREF13,東京都
354,AREAS2247,金町,AREAL2241,北千住・綾瀬・亀有,AREAM3003,金町,PREF13,東京都
355,AREAS2246,亀有・青砥,AREAL2241,北千住・綾瀬・亀有,AREAM3004,亀有・青砥,PREF13,東京都
356,AREAS2250,板橋,AREAL2250,板橋・成増・赤羽,AREAM2250,板橋,PREF13,東京都
357,AREAS2251,成増,AREAL2250,板橋・成増・赤羽,AREAM3005,成増,PREF13,東京都
358,AREAS2252,高島平,AREAL2250,板橋・成増・赤羽,AREAM3006,高島平,PREF13,東京都
359,AREAS2248,赤羽,AREAL2250,板橋・成増・赤羽,AREAM2248,赤羽,PREF13,東京都
360,AREAS2249,王子,AREAL2250,板橋・成増・赤羽,AREAM3007,王子,PREF13,東京都
361,AREAS2254,大井町,AREAL2254,大井町・大森・蒲田,AREAM2254,大井町,PREF13,東京都
362,AREAS2253,大森,AREAL2254,大井町・大森・蒲田,AREAM3008,大森,PREF13,東京都
363,AREAS2255,蒲田,AREAL2254,大井町・大森・蒲田,AREAM2255,蒲田,PREF13,東京都
364,AREAS2256,羽田,AREAL2254,大井町・大森・蒲田,AREAM3009,羽田,PREF13,東京都
365,AREAS2258,池上・洗足池,AREAL2254,大井町・大森・蒲田,AREAM3010,池上・洗足池,PREF13,東京都
366,AREAS2273,府中,AREAL2273,府中・調布,AREAM2273,府中,PREF13,東京都
367,AREAS2274,稲城,AREAL2273,府中・調布,AREAM3011,稲城,PREF13,東京都
368,AREAS2271,調布,AREAL2273,府中・調布,AREAM3012,調布,PREF13,東京都
369,AREAS2964,聖蹟桜ヶ丘,AREAL2273,府中・調布,AREAM3078,聖蹟桜ヶ丘,PREF13,東京都
370,AREAS2275,多摩センター,AREAL2923,町田・多摩,AREAM3013,多摩センター,PREF13,東京都
371,AREAS2929,町田,AREAL2923,町田・多摩,AREAM2294,町田,PREF13,東京都
372,AREAS2963,鶴川,AREAL2923,町田・多摩,AREAM3077,鶴川,PREF13,東京都
373,AREAS2278,小金井,AREAL2278,小金井・国分寺・国立,AREAM2278,小金井,PREF13,東京都
374,AREAS2279,小平,AREAL2278,小金井・国分寺・国立,AREAM2279,小平,PREF13,東京都
375,AREAS2280,国分寺,AREAL2278,小金井・国分寺・国立,AREAM2280,国分寺,PREF13,東京都
376,AREAS2281,国立,AREAL2278,小金井・国分寺・国立,AREAM2281,国立,PREF13,東京都
377,AREAS2286,立川,AREAL2286,立川・八王子・青梅,AREAM2286,立川,PREF13,東京都
378,AREAS2287,昭島,AREAL2286,立川・八王子・青梅,AREAM3014,昭島,PREF13,東京都
379,AREAS2288,八王子,AREAL2286,立川・八王子・青梅,AREAM2288,八王子,PREF13,東京都
380,AREAS2289,日野,AREAL2286,立川・八王子・青梅,AREAM3015,日野,PREF13,東京都
381,AREAS2290,青梅・小作,AREAL2286,立川・八王子・青梅,AREAM2290,青梅・小作,PREF13,東京都
382,AREAS2291,福生,AREAL2286,立川・八王子・青梅,AREAM3016,福生,PREF13,東京都
383,AREAS2292,あきる野,AREAL2286,立川・八王子・青梅,AREAM3017,あきる野,PREF13,東京都
384,AREAS2295,伊豆諸島・小笠原諸島,AREAL2295,伊豆諸島・小笠原諸島,AREAM2295,伊豆諸島・小笠原諸島,PREF13,東京都
385,AREAS2302,川崎,AREAL2302,川崎・鶴見,AREAM2302,川崎,PREF14,神奈川県
386,AREAS2348,鶴見,AREAL2302,川崎・鶴見,AREAM2348,鶴見,PREF14,神奈川県
387,AREAS2310,武蔵小杉・元住吉,AREAL2310,武蔵小杉・日吉・綱島,AREAM2310,武蔵小杉・元住吉,PREF14,神奈川県
388,AREAS2356,日吉・綱島,AREAL2310,武蔵小杉・日吉・綱島,AREAM2356,日吉・綱島,PREF14,神奈川県
389,AREAS2398,白楽・反町,AREAL2310,武蔵小杉・日吉・綱島,AREAM2398,白楽・反町,PREF14,神奈川県
390,AREAS2354,新横浜,AREAL2354,新横浜・センター南・鴨居,AREAM2354,新横浜,PREF14,神奈川県
391,AREAS2358,センター北・南,AREAL2354,新横浜・センター南・鴨居,AREAM2358,センター北・南,PREF14,神奈川県
392,AREAS2900,鴨居・十日市場,AREAL2354,新横浜・センター南・鴨居,AREAM2900,鴨居・十日市場,PREF14,神奈川県
393,AREAS2360,上大岡・弘明寺,AREAL2360,上大岡・金沢文庫・新杉田,AREAM2360,上大岡・弘明寺,PREF14,神奈川県
394,AREAS2902,港南台・洋光台,AREAL2360,上大岡・金沢文庫・新杉田,AREAM3022,港南台・洋光台,PREF14,神奈川県
395,AREAS2362,磯子・新杉田,AREAL2360,上大岡・金沢文庫・新杉田,AREAM2362,磯子・新杉田,PREF14,神奈川県
396,AREAS2904,金沢文庫・八景島,AREAL2360,上大岡・金沢文庫・新杉田,AREAM3023,金沢文庫・八景島,PREF14,神奈川県
397,AREAS2372,横須賀・追浜,AREAL2372,横須賀・久里浜・三浦半島,AREAM2372,横須賀・追浜,PREF14,神奈川県
398,AREAS2906,久里浜・浦賀,AREAL2372,横須賀・久里浜・三浦半島,AREAM3024,久里浜・浦賀,PREF14,神奈川県
399,AREAS2908,秋谷・大楠,AREAL2372,横須賀・久里浜・三浦半島,AREAM3025,秋谷・大楠,PREF14,神奈川県
400,AREAS2910,三浦,AREAL2372,横須賀・久里浜・三浦半島,AREAM2910,三浦,PREF14,神奈川県
401,AREAS2375,葉山,AREAL2372,横須賀・久里浜・三浦半島,AREAM3027,葉山,PREF14,神奈川県
402,AREAS2366,戸塚・東戸塚,AREAL2352,戸塚・東戸塚,AREAM2366,戸塚・東戸塚,PREF14,神奈川県
403,AREAS2374,鎌倉,AREAL2374,鎌倉・大船・逗子,AREAM2374,鎌倉,PREF14,神奈川県
404,AREAS2930,逗子,AREAL2374,鎌倉・大船・逗子,AREAM3026,逗子,PREF14,神奈川県
405,AREAS2396,大船,AREAL2374,鎌倉・大船・逗子,AREAM3028,大船,PREF14,神奈川県
406,AREAS2914,藤沢,AREAL2375,藤沢・茅ヶ崎・平塚,AREAM2914,藤沢,PREF14,神奈川県
407,AREAS2931,辻堂,AREAL2375,藤沢・茅ヶ崎・平塚,AREAM3029,辻堂,PREF14,神奈川県
408,AREAS2916,江ノ島・鵠沼,AREAL2375,藤沢・茅ヶ崎・平塚,AREAM3075,江ノ島・鵠沼,PREF14,神奈川県
409,AREAS2918,湘南台・善行,AREAL2375,藤沢・茅ヶ崎・平塚,AREAM3076,湘南台・善行,PREF14,神奈川県
410,AREAS2376,茅ヶ崎・寒川,AREAL2375,藤沢・茅ヶ崎・平塚,AREAM2376,茅ヶ崎・寒川,PREF14,神奈川県
411,AREAS2378,平塚,AREAL2375,藤沢・茅ヶ崎・平塚,AREAM2378,平塚,PREF14,神奈川県
412,AREAS2932,大磯・二宮,AREAL2375,藤沢・茅ヶ崎・平塚,AREAM3030,大磯・二宮,PREF14,神奈川県
413,AREAS2306,登戸・向ヶ丘遊園,AREAL2294,登戸・向ヶ丘遊園・新百合ヶ丘,AREAM3031,登戸・向ヶ丘遊園,PREF14,神奈川県
414,AREAS2304,新百合ヶ丘,AREAL2294,登戸・向ヶ丘遊園・新百合ヶ丘,AREAM2306,新百合ヶ丘,PREF14,神奈川県
415,AREAS2352,保土ヶ谷・星川,AREAL2350,大和・中央林間・二俣川,AREAM2352,保土ヶ谷・星川,PREF14,神奈川県
416,AREAS2350,二俣川,AREAL2350,大和・中央林間・二俣川,AREAM2350,二俣川,PREF14,神奈川県
417,AREAS2912,いずみ野・立場,AREAL2350,大和・中央林間・二俣川,AREAM2912,いずみ野・立場,PREF14,神奈川県
418,AREAS2386,大和・座間,AREAL2350,大和・中央林間・二俣川,AREAM3035,大和・座間,PREF14,神奈川県
419,AREAS2387,中央林間・鶴間,AREAL2350,大和・中央林間・二俣川,AREAM3036,中央林間・鶴間,PREF14,神奈川県
420,AREAS2920,相模大野,AREAL2293,相模大野・橋本・相模湖,AREAM3032,相模大野,PREF14,神奈川県
421,AREAS2384,橋本・相模原・古淵,AREAL2293,相模大野・橋本・相模湖,AREAM2384,橋本・相模原・古淵,PREF14,神奈川県
422,AREAS2382,相模湖・津久井,AREAL2293,相模大野・橋本・相模湖,AREAM2382,相模湖・津久井,PREF14,神奈川県
423,AREAS2388,本厚木・厚木,AREAL2296,本厚木・海老名,AREAM3033,本厚木・厚木,PREF14,神奈川県
424,AREAS2389,海老名,AREAL2296,本厚木・海老名,AREAM3034,海老名,PREF14,神奈川県
425,AREAS2922,秦野・渋沢・大井松田,AREAL2922,伊勢原・秦野・渋沢,AREAM2922,秦野・渋沢・大井松田,PREF14,神奈川県
426,AREAS2924,愛甲石田・伊勢原,AREAL2922,伊勢原・秦野・渋沢,AREAM2924,愛甲石田・伊勢原,PREF14,神奈川県
427,AREAS2380,小田原・南足柄,AREAL2380,小田原・箱根・湯河原,AREAM2380,小田原・南足柄,PREF14,神奈川県
428,AREAS2392,箱根,AREAL2380,小田原・箱根・湯河原,AREAM2392,箱根,PREF14,神奈川県
429,AREAS2933,強羅,AREAL2380,小田原・箱根・湯河原,AREAM3037,強羅,PREF14,神奈川県
430,AREAS2926,湯河原・真鶴,AREAL2380,小田原・箱根・湯河原,AREAM2926,湯河原・真鶴,PREF14,神奈川県
431,AREAS2402,大宮西口,AREAL2402,大宮・さいたま新都心,AREAM2402,大宮,PREF11,埼玉県
432,AREAS2403,大宮東口,AREAL2402,大宮・さいたま新都心,AREAM2402,大宮,PREF11,埼玉県
433,AREAS2458,さいたま新都心,AREAL2402,大宮・さいたま新都心,AREAM2404,さいたま新都心・与野,PREF11,埼玉県
434,AREAS2460,与野・中央区,AREAL2402,大宮・さいたま新都心,AREAM2404,さいたま新都心・与野,PREF11,埼玉県
435,AREAS2406,北区,AREAL2402,大宮・さいたま新都心,AREAM2406,さいたま市北部,PREF11,埼玉県
436,AREAS2462,見沼区,AREAL2402,大宮・さいたま新都心,AREAM2406,さいたま市北部,PREF11,埼玉県
437,AREAS2464,西区,AREAL2402,大宮・さいたま新都心,AREAM2406,さいたま市北部,PREF11,埼玉県
438,AREAS2410,浦和駅周辺,AREAL2408,浦和,AREAM2410,浦和,PREF11,埼玉県
439,AREAS2934,北浦和,AREAL2408,浦和,AREAM2410,浦和,PREF11,埼玉県
440,AREAS2408,武蔵浦和,AREAL2408,浦和,AREAM2410,浦和,PREF11,埼玉県
441,AREAS2935,西浦和,AREAL2408,浦和,AREAM2410,浦和,PREF11,埼玉県
442,AREAS2466,南浦和,AREAL2408,浦和,AREAM2410,浦和,PREF11,埼玉県
443,AREAS2936,東浦和,AREAL2408,浦和,AREAM2410,浦和,PREF11,埼玉県
444,AREAS2422,川口・西川口,AREAL2422,川口・蕨・戸田,AREAM2422,川口・東川口,PREF11,埼玉県
445,AREAS2423,東川口・鳩ヶ谷,AREAL2422,川口・蕨・戸田,AREAM2422,川口・東川口,PREF11,埼玉県
446,AREAS2937,蕨,AREAL2422,川口・蕨・戸田,AREAM3042,蕨,PREF11,埼玉県
447,AREAS2470,戸田・戸田公園,AREAL2422,川口・蕨・戸田,AREAM2470,戸田・戸田公園,PREF11,埼玉県
448,AREAS2428,越谷,AREAL2428,越谷・草加・春日部,AREAM3079,越谷,PREF11,埼玉県
449,AREAS2938,草加,AREAL2428,越谷・草加・春日部,AREAM2428,草加,PREF11,埼玉県
450,AREAS2472,三郷・八潮,AREAL2428,越谷・草加・春日部,AREAM2429,三郷・八潮,PREF11,埼玉県
451,AREAS2430,春日部,AREAL2428,越谷・草加・春日部,AREAM2430,春日部,PREF11,埼玉県
452,AREAS2939,岩槻,AREAL2428,越谷・草加・春日部,AREAM3043,岩槻,PREF11,埼玉県
453,AREAS2454,飯能・日高,AREAL2453,秩父・長瀞・飯能,AREAM2454,飯能・日高,PREF11,埼玉県
454,AREAS2456,秩父・長瀞,AREAL2453,秩父・長瀞・飯能,AREAM2456,秩父・長瀞,PREF11,埼玉県
455,AREAS2426,上尾・蓮田,AREAL2442,上尾・熊谷・久喜,AREAM2426,上尾・蓮田,PREF11,埼玉県
456,AREAS2478,桶川・鴻巣,AREAL2442,上尾・熊谷・久喜,AREAM2446,桶川・鴻巣,PREF11,埼玉県
457,AREAS2442,熊谷・行田,AREAL2442,上尾・熊谷・久喜,AREAM2442,熊谷・行田,PREF11,埼玉県
458,AREAS2943,本庄・深谷,AREAL2442,上尾・熊谷・久喜,AREAM3049,本庄・深谷,PREF11,埼玉県
459,AREAS2480,久喜・加須,AREAL2442,上尾・熊谷・久喜,AREAM2448,久喜・加須,PREF11,埼玉県
460,AREAS2502,千葉駅・蘇我,AREAL2502,千葉・幕張,AREAM2502,千葉駅・蘇我,PREF12,千葉県
461,AREAS2504,幕張,AREAL2502,千葉・幕張,AREAM2504,幕張,PREF12,千葉県
462,AREAS2944,稲毛,AREAL2502,千葉・幕張,AREAM3050,稲毛,PREF12,千葉県
463,AREAS2508,海浜幕張,AREAL2502,千葉・幕張,AREAM2508,海浜幕張,PREF12,千葉県
464,AREAS2506,都賀・鎌取,AREAL2502,千葉・幕張,AREAM2506,都賀・鎌取,PREF12,千葉県
465,AREAS2945,本八幡,AREAL2524,市川・船橋・津田沼,AREAM3051,本八幡,PREF12,千葉県
466,AREAS2524,市川,AREAL2524,市川・船橋・津田沼,AREAM2524,市川,PREF12,千葉県
467,AREAS2530,船橋,AREAL2524,市川・船橋・津田沼,AREAM2530,船橋・西船橋,PREF12,千葉県
468,AREAS2531,西船橋,AREAL2524,市川・船橋・津田沼,AREAM2530,船橋・西船橋,PREF12,千葉県
469,AREAS2532,津田沼,AREAL2524,市川・船橋・津田沼,AREAM2532,津田沼,PREF12,千葉県
470,AREAS2946,北習志野,AREAL2524,市川・船橋・津田沼,AREAM3052,北習志野,PREF12,千葉県
471,AREAS2947,舞浜,AREAL2526,舞浜・浦安・行徳,AREAM3053,舞浜,PREF12,千葉県
472,AREAS2526,浦安,AREAL2526,舞浜・浦安・行徳,AREAM2526,浦安,PREF12,千葉県
473,AREAS2528,南船橋・新習志野,AREAL2526,舞浜・浦安・行徳,AREAM2528,南船橋・新習志野,PREF12,千葉県
474,AREAS2522,行徳・原木,AREAL2526,舞浜・浦安・行徳,AREAM2522,行徳・原木,PREF12,千葉県
475,AREAS2612,高崎駅周辺,AREAL2601,高崎,AREAM2612,高崎,PREF10,群馬県
476,AREAS2613,その他高崎,AREAL2601,高崎,AREAM2612,高崎,PREF10,群馬県
477,AREAS2954,前橋駅周辺,AREAL2607,前橋,AREAM3061,前橋,PREF10,群馬県
478,AREAS3060,新前橋駅周辺,AREAL2607,前橋,AREAM3061,前橋,PREF10,群馬県
479,AREAS3061,その他前橋,AREAL2607,前橋,AREAM3061,前橋,PREF10,群馬県
480,AREAS2615,桐生・みどり市,AREAL2606,桐生・みどり市,AREAM2615,桐生・みどり市,PREF10,群馬県
481,AREAS3062,南一番街,AREAL2608,太田・館林・大泉,AREAM3062,太田,PREF10,群馬県
482,AREAS3063,その他太田,AREAL2608,太田・館林・大泉,AREAM3062,太田,PREF10,群馬県
483,AREAS2955,館林・大泉・明和,AREAL2608,太田・館林・大泉,AREAM2616,館林・大泉・明和,PREF10,群馬県
484,AREAS2602,草津,AREAL2600,草津・東吾妻・嬬恋,AREAM2602,草津,PREF10,群馬県
485,AREAS2603,東吾妻・中之条・高山,AREAL2600,草津・東吾妻・嬬恋,AREAM2603,東吾妻・中之条・高山,PREF10,群馬県
486,AREAS2604,嬬恋・長野原,AREAL2600,草津・東吾妻・嬬恋,AREAM2604,嬬恋・長野原,PREF10,群馬県
487,AREAS2605,沼田・片品・昭和村,AREAL2602,沼田・みなかみ・片品,AREAM2605,沼田・みなかみ・片品,PREF10,群馬県
488,AREAS2606,みなかみ,AREAL2602,沼田・みなかみ・片品,AREAM2605,沼田・みなかみ・片品,PREF10,群馬県
489,AREAS2713,オリオン通り・バンバ通り・東武宇都宮駅,AREAL2700,宇都宮,AREAM3063,宇都宮,PREF09,栃木県
490,AREAS2702,宇都宮駅周辺,AREAL2700,宇都宮,AREAM3063,宇都宮,PREF09,栃木県
491,AREAS2703,宇都宮東,AREAL2700,宇都宮,AREAM3063,宇都宮,PREF09,栃木県
492,AREAS2701,宇都宮西,AREAL2700,宇都宮,AREAM3063,宇都宮,PREF09,栃木県
493,AREAS2716,上三川,AREAL2700,宇都宮,AREAM3063,宇都宮,PREF09,栃木県
494,AREAS2712,小山駅周辺,AREAL2703,小山・下野,AREAM2712,小山・下野,PREF09,栃木県
495,AREAS2727,その他小山・下野,AREAL2703,小山・下野,AREAM2712,小山・下野,PREF09,栃木県
496,AREAS2717,真岡,AREAL2704,真岡・益子・芳賀,AREAM2717,真岡,PREF09,栃木県
497,AREAS2718,益子・市貝・芳賀,AREAL2704,真岡・益子・芳賀,AREAM2718,益子・市貝・芳賀,PREF09,栃木県
498,AREAS2719,鹿沼,AREAL2705,鹿沼・栃木市・壬生,AREAM2719,鹿沼,PREF09,栃木県
499,AREAS2714,栃木市・壬生,AREAL2705,鹿沼・栃木市・壬生,AREAM3066,栃木市・壬生,PREF09,栃木県
500,AREAS2956,佐野,AREAL2701,佐野,AREAM3064,佐野,PREF09,栃木県
501,AREAS2957,足利,AREAL2706,足利,AREAM3065,足利,PREF09,栃木県
502,AREAS2724,日光,AREAL2702,日光・鬼怒川,AREAM2722,日光,PREF09,栃木県
503,AREAS2958,鬼怒川,AREAL2702,日光・鬼怒川,AREAM3068,鬼怒川,PREF09,栃木県
504,AREAS2720,さくら市・高根沢,AREAL2707,さくら市・高根沢,AREAM2720,さくら市・高根沢,PREF09,栃木県
505,AREAS2721,那須烏山・那珂川,AREAL2708,那須烏山・那珂川,AREAM2721,那須烏山・那珂川,PREF09,栃木県
506,AREAS2722,那須塩原・塩原温泉,AREAL2709,那須塩原・大田原・矢板,AREAM3067,那須塩原・塩原温泉,PREF09,栃木県
507,AREAS2723,黒磯,AREAL2709,那須塩原・大田原・矢板,AREAM2723,黒磯,PREF09,栃木県
508,AREAS2728,那須町・那須高原,AREAL2709,那須塩原・大田原・矢板,AREAM2724,那須町・那須高原,PREF09,栃木県
509,AREAS2725,大田原,AREAL2709,那須塩原・大田原・矢板,AREAM2725,大田原,PREF09,栃木県
510,AREAS2726,矢板・塩谷,AREAL2709,那須塩原・大田原・矢板,AREAM2726,矢板・塩谷,PREF09,栃木県
511,AREAS2815,大工町・泉町,AREAL2800,水戸,AREAM2812,水戸,PREF08,茨城県
512,AREAS2816,水戸駅南口,AREAL2800,水戸,AREAM2812,水戸,PREF08,茨城県
513,AREAS2812,水戸駅北口,AREAL2800,水戸,AREAM2812,水戸,PREF08,茨城県
514,AREAS2817,その他水戸,AREAL2800,水戸,AREAM2812,水戸,PREF08,茨城県
515,AREAS2804,笠間・城里,AREAL2804,笠間・大洗,AREAM2804,笠間・城里,PREF08,茨城県
516,AREAS2805,小美玉・茨城町,AREAL2804,笠間・大洗,AREAM2805,小美玉・茨城町,PREF08,茨城県
517,AREAS2806,大洗,AREAL2804,笠間・大洗,AREAM2806,大洗,PREF08,茨城県
518,AREAS2814,ひたちなか・勝田,AREAL2801,ひたちなか・日立・常陸大宮,AREAM3069,ひたちなか・勝田,PREF08,茨城県
519,AREAS2959,那珂・東海村,AREAL2801,ひたちなか・日立・常陸大宮,AREAM3070,那珂・東海村,PREF08,茨城県
520,AREAS2802,日立,AREAL2801,ひたちなか・日立・常陸大宮,AREAM2802,日立,PREF08,茨城県
521,AREAS2803,高萩・北茨城,AREAL2801,ひたちなか・日立・常陸大宮,AREAM2803,高萩・北茨城,PREF08,茨城県
522,AREAS2808,常陸太田,AREAL2801,ひたちなか・日立・常陸大宮,AREAM2808,常陸太田,PREF08,茨城県
523,AREAS2807,常陸大宮・大子,AREAL2801,ひたちなか・日立・常陸大宮,AREAM2807,常陸大宮・大子,PREF08,茨城県
524,AREAS2824,古河,AREAL2806,県西地域,AREAM3073,古河,PREF08,茨城県
525,AREAS2962,筑西・結城・桜川,AREAL2806,県西地域,AREAM3074,筑西・結城・桜川,PREF08,茨城県
526,AREAS2811,下妻・坂東・常総,AREAL2806,県西地域,AREAM2811,下妻・坂東・常総,PREF08,茨城県
527,AREAS2832,鹿嶋・潮来,AREAL2803,鹿行地域,AREAM2832,鹿嶋・潮来,PREF08,茨城県
528,AREAS2813,鉾田・行方,AREAL2803,鹿行地域,AREAM2813,鉾田・行方,PREF08,茨城県
529,AREAS6622,三条市・燕三条・加茂,AREAL6607,燕市・三条市,AREAM6624,三条市・燕三条・加茂,PREF15,新潟県
530,AREAS6626,長岡駅周辺,AREAL6602,長岡・見附・小千谷,AREAM6622,長岡,PREF15,新潟県
531,AREAS6628,燕市・弥彦,AREAL6607,燕市・三条市,AREAM6606,燕市・弥彦,PREF15,新潟県
532,AREAS6627,その他長岡,AREAL6602,長岡・見附・小千谷,AREAM6622,長岡,PREF15,新潟県
533,AREAS6625,見附,AREAL6602,長岡・見附・小千谷,AREAM6625,見附,PREF15,新潟県
534,AREAS6623,小千谷,AREAL6602,長岡・見附・小千谷,AREAM6623,小千谷,PREF15,新潟県
535,AREAS6602,古町,AREAL6600,新潟市,AREAM6602,新潟市中央区,PREF15,新潟県
536,AREAS6604,新潟駅前,AREAL6600,新潟市,AREAM6602,新潟市中央区,PREF15,新潟県
537,AREAS6603,万代,AREAL6600,新潟市,AREAM6602,新潟市中央区,PREF15,新潟県
538,AREAS6606,新潟駅南,AREAL6600,新潟市,AREAM6602,新潟市中央区,PREF15,新潟県
539,AREAS6601,新潟県庁前・出来島・鳥屋野潟周辺,AREAL6600,新潟市,AREAM6602,新潟市中央区,PREF15,新潟県
540,AREAS6608,江南区,AREAL6600,新潟市,AREAM6601,新潟市江南区・秋葉区・南区,PREF15,新潟県
541,AREAS6609,秋葉区,AREAL6600,新潟市,AREAM6601,新潟市江南区・秋葉区・南区,PREF15,新潟県
542,AREAS6607,南区,AREAL6600,新潟市,AREAM6601,新潟市江南区・秋葉区・南区,PREF15,新潟県
543,AREAS6613,新潟大学前,AREAL6600,新潟市,AREAM6603,新潟市西区,PREF15,新潟県
544,AREAS6614,その他西区,AREAL6600,新潟市,AREAM6603,新潟市西区,PREF15,新潟県
545,AREAS6624,新潟市西蒲区,AREAL6600,新潟市,AREAM6604,新潟市西蒲区,PREF15,新潟県
546,AREAS6616,東区,AREAL6600,新潟市,AREAM6607,新潟市東区・北区,PREF15,新潟県
547,AREAS6617,北区,AREAL6600,新潟市,AREAM6607,新潟市東区・北区,PREF15,新潟県
548,AREAS6612,村上・関川,AREAL6604,村上・関川,AREAM6612,村上・関川,PREF15,新潟県
549,AREAS6807,新発田・胎内,AREAL6601,新発田・胎内,AREAM6925,新発田・胎内,PREF15,新潟県
550,AREAS6605,五泉・阿賀野・阿賀,AREAL6605,五泉・阿賀野・阿賀,AREAM6605,五泉・阿賀野・阿賀,PREF15,新潟県
551,AREAS6618,魚沼,AREAL6608,魚沼,AREAM6608,魚沼,PREF15,新潟県
552,AREAS6619,十日町・津南,AREAL6609,十日町・津南,AREAM6609,十日町・津南,PREF15,新潟県
553,AREAS6610,南魚沼・湯沢,AREAL6610,南魚沼・湯沢,AREAM6610,南魚沼・湯沢,PREF15,新潟県
554,AREAS6808,柏崎,AREAL6611,柏崎,AREAM6926,柏崎,PREF15,新潟県
555,AREAS6615,糸魚川,AREAL6615,糸魚川,AREAM6615,糸魚川,PREF15,新潟県
556,AREAS6629,仲町通り,AREAL6613,上越市,AREAM6632,上越市,PREF15,新潟県
557,AREAS6630,その他上越市,AREAL6613,上越市,AREAM6632,上越市,PREF15,新潟県
558,AREAS6632,妙高,AREAL6614,妙高,AREAM6614,妙高,PREF15,新潟県
559,AREAS6642,佐渡,AREAL6603,佐渡,AREAM6642,佐渡,PREF15,新潟県
560,AREAS6701,総曲輪・西町・グランドプラザ前,AREAL6700,富山市,AREAM6702,富山市,PREF16,富山県
561,AREAS6707,電気ビル前・桜木町,AREAL6700,富山市,AREAM6702,富山市,PREF16,富山県
562,AREAS6702,富山駅周辺・新富町,AREAL6700,富山市,AREAM6702,富山市,PREF16,富山県
563,AREAS6708,その他富山市,AREAL6700,富山市,AREAM6702,富山市,PREF16,富山県
564,AREAS6703,立山・上市,AREAL6703,立山・上市,AREAM6703,立山・上市,PREF16,富山県
565,AREAS6710,魚津駅周辺,AREAL6701,滑川・魚津・黒部,AREAM6711,滑川・魚津,PREF16,富山県
566,AREAS6711,その他滑川・魚津,AREAL6701,滑川・魚津・黒部,AREAM6711,滑川・魚津,PREF16,富山県
567,AREAS6712,黒部・入善・朝日町,AREAL6701,滑川・魚津・黒部,AREAM6712,黒部・入善・朝日町,PREF16,富山県
568,AREAS6722,高岡駅周辺,AREAL6702,高岡,AREAM6722,高岡,PREF16,富山県
569,AREAS6723,その他高岡,AREAL6702,高岡,AREAM6722,高岡,PREF16,富山県
570,AREAS6704,砺波・南砺,AREAL6704,砺波・南砺,AREAM6704,砺波・南砺,PREF16,富山県
571,AREAS6705,射水,AREAL6705,射水,AREAM6705,射水,PREF16,富山県
572,AREAS6706,小矢部,AREAL6706,小矢部,AREAM6706,小矢部,PREF16,富山県
573,AREAS6809,氷見,AREAL6707,氷見,AREAM6927,氷見,PREF16,富山県
574,AREAS6802,香林坊・片町・金沢21世紀美術館,AREAL6800,金沢・野々市・かほく,AREAM6930,金沢,PREF17,石川県
575,AREAS6801,小立野・杜の里・石引,AREAL6800,金沢・野々市・かほく,AREAM6930,金沢,PREF17,石川県
576,AREAS6803,兼六園・金沢城公園・ひがし茶屋街,AREAL6800,金沢・野々市・かほく,AREAM6930,金沢,PREF17,石川県
577,AREAS6811,金沢駅東口・近江町市場,AREAL6800,金沢・野々市・かほく,AREAM6930,金沢,PREF17,石川県
578,AREAS6804,金沢駅西口・石川県庁,AREAL6800,金沢・野々市・かほく,AREAM6930,金沢,PREF17,石川県
579,AREAS6813,その他金沢,AREAL6800,金沢・野々市・かほく,AREAM6930,金沢,PREF17,石川県
580,AREAS6806,野々市,AREAL6800,金沢・野々市・かほく,AREAM6806,野々市,PREF17,石川県
581,AREAS6805,かほく・津幡・内灘,AREAL6800,金沢・野々市・かほく,AREAM6805,かほく・津幡・内灘,PREF17,石川県
582,AREAS6822,七尾・和倉温泉・羽咋,AREAL6802,能登・和倉温泉・輪島,AREAM6822,七尾・和倉温泉・羽咋,PREF17,石川県
583,AREAS6832,輪島・珠洲・穴水,AREAL6802,能登・和倉温泉・輪島,AREAM6832,輪島・珠洲・穴水,PREF17,石川県
584,AREAS6812,加賀・山中温泉・山代温泉,AREAL6801,加賀・小松・白山,AREAM6812,加賀・小松,PREF17,石川県
585,AREAS6852,小松・粟津温泉,AREAL6801,加賀・小松・白山,AREAM6812,加賀・小松,PREF17,石川県
586,AREAS6842,白山・松任,AREAL6801,加賀・小松・白山,AREAM6842,白山・松任,PREF17,石川県
587,AREAS6901,順化・福井片町,AREAL6900,福井市,AREAM6902,福井市,PREF18,福井県
588,AREAS6902,福井駅,AREAL6900,福井市,AREAM6902,福井市,PREF18,福井県
589,AREAS6903,その他福井市,AREAL6900,福井市,AREAM6902,福井市,PREF18,福井県
590,AREAS6913,勝山,AREAL6903,奥越,AREAM6913,勝山,PREF18,福井県
591,AREAS6914,大野,AREAL6903,奥越,AREAM6914,大野,PREF18,福井県
592,AREAS6932,坂井・あわら・永平寺,AREAL6904,坂井・あわら・永平寺,AREAM6912,坂井・あわら・永平寺,PREF18,福井県
593,AREAS6912,鯖江・越前町,AREAL6901,鯖江・越前市・南越前,AREAM6917,鯖江・越前町,PREF18,福井県
594,AREAS6916,越前市,AREAL6901,鯖江・越前市・南越前,AREAM6916,越前市,PREF18,福井県
595,AREAS6915,南越前・池田町,AREAL6901,鯖江・越前市・南越前,AREAM6915,南越前・池田町,PREF18,福井県
596,AREAS6922,敦賀・若狭・美浜,AREAL6902,敦賀・若狭・美浜,AREAM6922,敦賀・若狭・美浜,PREF18,福井県
597,AREAS6810,小浜,AREAL6905,小浜,AREAM6928,小浜,PREF18,福井県
598,AREAS4105,名駅1・2・3丁目,AREAL4102,名古屋駅,AREAM4102,名駅,PREF23,愛知県
599,AREAS4106,名駅西口,AREAL4102,名古屋駅,AREAM4102,名駅,PREF23,愛知県
600,AREAS4107,名駅4・5丁目,AREAL4102,名古屋駅,AREAM4102,名駅,PREF23,愛知県
601,AREAS4262,守山区,AREAL4262,大曽根・北区・西区,AREAM4262,守山区,PREF23,愛知県
602,AREAS4264,北区,AREAL4262,大曽根・北区・西区,AREAM4264,北区,PREF23,愛知県
603,AREAS4265,大曽根,AREAL4262,大曽根・北区・西区,AREAM4837,大曽根,PREF23,愛知県
604,AREAS4266,西区,AREAL4262,大曽根・北区・西区,AREAM4266,西区,PREF23,愛知県
605,AREAS4302,一宮,AREAL4301,一宮・江南,AREAM4302,一宮,PREF23,愛知県
606,AREAS4303,小牧,AREAL4302,春日井・小牧,AREAM4303,小牧,PREF23,愛知県
607,AREAS4842,江南,AREAL4301,一宮・江南,AREAM4841,江南,PREF23,愛知県
608,AREAS4843,春日井,AREAL4302,春日井・小牧,AREAM4842,春日井,PREF23,愛知県
609,AREAS4844,犬山,AREAL4302,春日井・小牧,AREAM4843,犬山,PREF23,愛知県
610,AREAS4868,その他浜松市,AREAL4832,浜松・浜名湖,AREAM4877,その他浜松市,PREF22,静岡県
611,AREAS4871,初生・高丘周辺,AREAL4832,浜松・浜名湖,AREAM4875,初生・高丘周辺,PREF22,静岡県
612,AREAS4872,幸・住吉・上島周辺,AREAL4832,浜松・浜名湖,AREAM4876,幸・住吉・上島周辺,PREF22,静岡県
613,AREAS4869,肴町・浜松第一通り・田町,AREAL4832,浜松・浜名湖,AREAM4836,浜松駅周辺,PREF22,静岡県
614,AREAS4836,浜松駅南・千歳町・鍛冶町,AREAL4832,浜松・浜名湖,AREAM4836,浜松駅周辺,PREF22,静岡県
615,AREAS4870,浜北,AREAL4832,浜松・浜名湖,AREAM4874,浜北,PREF22,静岡県
616,AREAS4108,その他の中村区,AREAL4102,名古屋駅,AREAM4108,その他の中村区,PREF23,愛知県
617,AREAS4873,浜松市天竜区,AREAL4832,浜松・浜名湖,AREAM4835,浜松市天竜区,PREF22,静岡県
618,AREAS4837,浜名湖・湖西,AREAL4832,浜松・浜名湖,AREAM4868,浜名湖・湖西,PREF22,静岡県
619,AREAS4122,錦3丁目,AREAL4122,栄周辺,AREAM4122,栄周辺,PREF23,愛知県
620,AREAS4124,住吉通・ナディアパーク,AREAL4122,栄周辺,AREAM4122,栄周辺,PREF23,愛知県
621,AREAS4126,芸文センター・NHK,AREAL4122,栄周辺,AREAM4122,栄周辺,PREF23,愛知県
622,AREAS4128,中日ビル・池田公園,AREAL4122,栄周辺,AREAM4122,栄周辺,PREF23,愛知県
623,AREAS4142,丸の内・市役所,AREAL4142,（名古屋）伏見・丸の内,AREAM4142,丸の内・市役所,PREF23,愛知県
624,AREAS4144,伏見ミナミ,AREAL4142,（名古屋）伏見・丸の内,AREAM4144,（名古屋）伏見,PREF23,愛知県
625,AREAS4146,伏見キタ,AREAL4142,（名古屋）伏見・丸の内,AREAM4144,（名古屋）伏見,PREF23,愛知県
626,AREAS4162,新栄・CBC,AREAL4162,新栄・CBC・東区,AREAM4162,新栄・CBC,PREF23,愛知県
627,AREAS4166,白壁・東区役所,AREAL4162,新栄・CBC・東区,AREAM4166,白壁・東区役所,PREF23,愛知県
628,AREAS4182,金山・東別院,AREAL4182,金山・大須・熱田区,AREAM4182,金山・東別院,PREF23,愛知県
629,AREAS4184,大須・上前津・鶴舞,AREAL4182,金山・大須・熱田区,AREAM4184,大須・上前津・鶴舞,PREF23,愛知県
630,AREAS4186,熱田区,AREAL4182,金山・大須・熱田区,AREAM4186,熱田区,PREF23,愛知県
631,AREAS4202,千種・今池・池下,AREAL4202,千種区・名東区,AREAM4202,千種・今池・池下,PREF23,愛知県
632,AREAS4204,覚王山・東山公園,AREAL4202,千種区・名東区,AREAM4204,覚王山・東山公園,PREF23,愛知県
633,AREAS4206,星ヶ丘・一社,AREAL4202,千種区・名東区,AREAM4206,星ヶ丘・一社,PREF23,愛知県
634,AREAS4208,名東区・藤が丘,AREAL4202,千種区・名東区,AREAM4208,名東区・藤が丘,PREF23,愛知県
635,AREAS4222,天白区,AREAL4222,昭和区・瑞穂区・天白区,AREAM4222,天白区,PREF23,愛知県
636,AREAS4224,瑞穂区,AREAL4222,昭和区・瑞穂区・天白区,AREAM4224,瑞穂区,PREF23,愛知県
637,AREAS4226,昭和区,AREAL4222,昭和区・瑞穂区・天白区,AREAM4226,昭和区,PREF23,愛知県
638,AREAS4242,中川区,AREAL4242,中川区・港区・南区・緑区,AREAM4242,中川区,PREF23,愛知県
639,AREAS4244,緑区,AREAL4242,中川区・港区・南区・緑区,AREAM4244,緑区,PREF23,愛知県
640,AREAS4246,港区,AREAL4242,中川区・港区・南区・緑区,AREAM4246,港区,PREF23,愛知県
641,AREAS4248,南区,AREAL4242,中川区・港区・南区・緑区,AREAM4248,南区,PREF23,愛知県
642,AREAS4272,豊田,AREAL4271,豊田,AREAM4272,豊田,PREF23,愛知県
643,AREAS4839,岡崎,AREAL4272,岡崎・刈谷・安城,AREAM4838,岡崎,PREF23,愛知県
644,AREAS4274,刈谷,AREAL4272,岡崎・刈谷・安城,AREAM4274,刈谷,PREF23,愛知県
645,AREAS4840,安城,AREAL4272,岡崎・刈谷・安城,AREAM4839,安城,PREF23,愛知県
646,AREAS4841,西三河,AREAL4272,岡崎・刈谷・安城,AREAM4840,西三河,PREF23,愛知県
647,AREAS4845,尾張旭,AREAL4304,尾張・長久手・日進,AREAM4844,尾張旭,PREF23,愛知県
648,AREAS4304,長久手・日進,AREAL4304,尾張・長久手・日進,AREAM4304,長久手・日進,PREF23,愛知県
649,AREAS4846,稲沢,AREAL4306,稲沢・津島・あま市,AREAM4845,稲沢,PREF23,愛知県
650,AREAS4306,津島・あま市,AREAL4306,稲沢・津島・あま市,AREAM4306,津島・あま市,PREF23,愛知県
651,AREAS4312,大府・東海,AREAL4312,大府・東海・知多半島,AREAM4312,大府・東海,PREF23,愛知県
652,AREAS4847,常滑・知多半島,AREAL4312,大府・東海・知多半島,AREAM4846,常滑・知多半島,PREF23,愛知県
653,AREAS4848,半田,AREAL4312,大府・東海・知多半島,AREAM4847,半田,PREF23,愛知県
654,AREAS4322,蒲郡・東三河,AREAL4322,蒲郡・東三河・豊橋,AREAM4322,蒲郡・東三河,PREF23,愛知県
655,AREAS4288,豊橋,AREAL4322,蒲郡・東三河・豊橋,AREAM4288,豊橋,PREF23,愛知県
656,AREAS4513,柳ヶ瀬,AREAL4500,岐阜市,AREAM4502,岐阜市,PREF21,岐阜県
657,AREAS4502,JR岐阜駅・名鉄岐阜駅周辺,AREAL4500,岐阜市,AREAM4502,岐阜市,PREF21,岐阜県
658,AREAS4514,その他岐阜市,AREAL4500,岐阜市,AREAM4502,岐阜市,PREF21,岐阜県
659,AREAS4504,各務原,AREAL4501,各務原・大垣・羽島,AREAM4504,各務原,PREF21,岐阜県
660,AREAS4506,大垣・海津,AREAL4501,各務原・大垣・羽島,AREAM4506,大垣・海津,PREF21,岐阜県
661,AREAS4503,羽島,AREAL4501,各務原・大垣・羽島,AREAM4503,羽島,PREF21,岐阜県
662,AREAS4505,本巣・池田・揖斐川,AREAL4501,各務原・大垣・羽島,AREAM4505,本巣・池田・揖斐川,PREF21,岐阜県
663,AREAS4507,可児・美濃加茂・白川,AREAL4504,可児・美濃加茂・関,AREAM4507,可児・美濃加茂・白川,PREF21,岐阜県
664,AREAS4512,関・美濃,AREAL4504,可児・美濃加茂・関,AREAM4512,関・美濃,PREF21,岐阜県
665,AREAS4508,郡上,AREAL4504,可児・美濃加茂・関,AREAM4508,郡上,PREF21,岐阜県
666,AREAS4510,多治見,AREAL4502,多治見・瑞浪・中津川,AREAM4510,多治見,PREF21,岐阜県
667,AREAS4511,瑞浪,AREAL4502,多治見・瑞浪・中津川,AREAM4511,瑞浪,PREF21,岐阜県
668,AREAS4509,中津川・恵那,AREAL4502,多治見・瑞浪・中津川,AREAM4509,中津川・恵那,PREF21,岐阜県
669,AREAS4522,飛騨・高山,AREAL4503,飛騨・高山,AREAM4522,飛騨・高山,PREF21,岐阜県
670,AREAS4849,下呂,AREAL4505,下呂,AREAM4848,下呂,PREF21,岐阜県
671,AREAS4602,近鉄四日市駅周辺,AREAL4600,四日市,AREAM4602,四日市,PREF24,三重県
672,AREAS4613,四日市南部,AREAL4600,四日市,AREAM4602,四日市,PREF24,三重県
673,AREAS4614,四日市北部,AREAL4600,四日市,AREAM4602,四日市,PREF24,三重県
674,AREAS4615,菰野・四日市西部,AREAL4600,四日市,AREAM4602,四日市,PREF24,三重県
675,AREAS4850,桑名・いなべ,AREAL4602,桑名・いなべ,AREAM4849,桑名・いなべ,PREF24,三重県
676,AREAS4851,鈴鹿,AREAL4603,鈴鹿,AREAM4850,鈴鹿,PREF24,三重県
677,AREAS4605,亀山,AREAL4605,亀山・伊賀・名張,AREAM4605,亀山,PREF24,三重県
678,AREAS4609,伊賀,AREAL4605,亀山・伊賀・名張,AREAM4609,伊賀,PREF24,三重県
679,AREAS4610,名張,AREAL4605,亀山・伊賀・名張,AREAM4610,名張,PREF24,三重県
680,AREAS4604,津,AREAL4604,津・松阪,AREAM4604,津,PREF24,三重県
681,AREAS4608,松阪,AREAL4604,津・松阪,AREAM4608,松阪,PREF24,三重県
682,AREAS4611,明和・玉城,AREAL4601,伊勢・鳥羽・志摩,AREAM4611,明和・玉城,PREF24,三重県
683,AREAS4612,伊勢,AREAL4601,伊勢・鳥羽・志摩,AREAM4612,伊勢,PREF24,三重県
684,AREAS4853,鳥羽・志摩,AREAL4601,伊勢・鳥羽・志摩,AREAM4852,鳥羽・志摩,PREF24,三重県
685,AREAS4607,熊野・御浜・紀宝,AREAL4606,熊野・尾鷲・大紀,AREAM4607,熊野・御浜・紀宝,PREF24,三重県
686,AREAS4606,尾鷲・大紀・大台,AREAL4606,熊野・尾鷲・大紀,AREAM4606,尾鷲・大紀・大台,PREF24,三重県
687,AREAS4717,権堂町,AREAL4700,長野・須坂・信濃,AREAM4702,長野市,PREF20,長野県
688,AREAS4702,長野駅周辺,AREAL4700,長野・須坂・信濃,AREAM4702,長野市,PREF20,長野県
689,AREAS4716,その他長野市,AREAL4700,長野・須坂・信濃,AREAM4702,長野市,PREF20,長野県
690,AREAS4703,須坂・小布施,AREAL4700,長野・須坂・信濃,AREAM4703,須坂・小布施,PREF20,長野県
691,AREAS4701,信濃・飯綱,AREAL4700,長野・須坂・信濃,AREAM4701,信濃・飯綱,PREF20,長野県
692,AREAS4704,千曲・坂城,AREAL4704,千曲・坂城,AREAM4704,千曲・坂城,PREF20,長野県
693,AREAS4854,飯山・中野・志賀高原,AREAL4705,飯山・中野・志賀高原,AREAM4853,飯山・中野・志賀高原,PREF20,長野県
694,AREAS4732,軽井沢,AREAL4732,軽井沢,AREAM4732,軽井沢,PREF20,長野県
695,AREAS4707,小諸・御代田,AREAL4707,小諸・御代田,AREAM4707,小諸・御代田,PREF20,長野県
696,AREAS4855,上田・東御・長和,AREAL4701,上田・東御・長和,AREAM4854,上田・東御・長和,PREF20,長野県
697,AREAS4856,佐久・小海・川上,AREAL4708,佐久・小海・川上,AREAM4855,佐久・小海・川上,PREF20,長野県
698,AREAS4712,松本駅周辺,AREAL4702,松本,AREAM4712,松本,PREF20,長野県
699,AREAS4719,南松本,AREAL4702,松本,AREAM4712,松本,PREF20,長野県
700,AREAS4718,その他松本,AREAL4702,松本,AREAM4712,松本,PREF20,長野県
701,AREAS4709,白馬・大町,AREAL4709,白馬・大町,AREAM4709,白馬・大町,PREF20,長野県
702,AREAS4710,安曇野・筑北,AREAL4710,安曇野・筑北,AREAM4710,安曇野・筑北,PREF20,長野県
703,AREAS4711,塩尻・山形村,AREAL4711,塩尻・山形村,AREAM4711,塩尻・山形村,PREF20,長野県
704,AREAS4708,木曽・大桑・南木曽,AREAL4712,木曽・大桑・南木曽,AREAM4708,木曽・大桑・南木曽,PREF20,長野県
705,AREAS4722,岡谷・諏訪・茅野,AREAL4703,岡谷・諏訪・茅野,AREAM4722,岡谷・諏訪・茅野,PREF20,長野県
706,AREAS4713,伊那・箕輪・辰野,AREAL4713,伊那・箕輪・辰野,AREAM4713,伊那・箕輪・辰野,PREF20,長野県
707,AREAS4714,駒ケ根・飯島・中川,AREAL4714,駒ケ根・飯島・中川,AREAM4714,駒ケ根・飯島・中川,PREF20,長野県
708,AREAS4715,飯田・大鹿・根羽,AREAL4715,飯田・大鹿・根羽,AREAM4715,飯田・大鹿・根羽,PREF20,長野県
709,AREAS4762,甲府駅・県庁・市役所周辺,AREAL4751,甲府,AREAM4762,甲府,PREF19,山梨県
710,AREAS4767,その他甲府,AREAL4751,甲府,AREAM4762,甲府,PREF19,山梨県
711,AREAS4763,甲州,AREAL4752,甲州・山梨市・笛吹,AREAM4763,甲州・山梨市・笛吹,PREF19,山梨県
712,AREAS4768,山梨市・笛吹,AREAL4752,甲州・山梨市・笛吹,AREAM4763,甲州・山梨市・笛吹,PREF19,山梨県
713,AREAS4766,早川・身延・南部町,AREAL4753,早川・身延・南部町,AREAM4766,早川・身延・南部町,PREF19,山梨県
714,AREAS4771,北杜,AREAL4754,甲斐・韮崎・南アルプス,AREAM4764,甲斐・韮崎・南アルプス,PREF19,山梨県
715,AREAS4770,韮崎,AREAL4754,甲斐・韮崎・南アルプス,AREAM4764,甲斐・韮崎・南アルプス,PREF19,山梨県
716,AREAS4764,甲斐・昭和町・中央市,AREAL4754,甲斐・韮崎・南アルプス,AREAM4764,甲斐・韮崎・南アルプス,PREF19,山梨県
717,AREAS4769,南アルプス,AREAL4754,甲斐・韮崎・南アルプス,AREAM4764,甲斐・韮崎・南アルプス,PREF19,山梨県
718,AREAS4765,大月・上野原・都留,AREAL4755,大月・上野原・都留,AREAM4765,大月・上野原・都留,PREF19,山梨県
719,AREAS4752,富士吉田・山中湖,AREAL4750,河口湖・富士吉田・山中湖,AREAM4752,河口湖・富士吉田・山中湖,PREF19,山梨県
720,AREAS4753,富士河口湖・鳴沢,AREAL4750,河口湖・富士吉田・山中湖,AREAM4752,河口湖・富士吉田・山中湖,PREF19,山梨県
721,AREAS4809,熱海,AREAL4800,熱海・伊豆・下田,AREAM4808,熱海,PREF22,静岡県
722,AREAS4808,函南,AREAL4800,熱海・伊豆・下田,AREAM4807,函南,PREF22,静岡県
723,AREAS4803,伊豆の国,AREAL4800,熱海・伊豆・下田,AREAM4858,伊豆の国,PREF22,静岡県
724,AREAS4857,修善寺,AREAL4800,熱海・伊豆・下田,AREAM4857,修善寺,PREF22,静岡県
725,AREAS4804,伊豆,AREAL4800,熱海・伊豆・下田,AREAM4856,伊豆,PREF22,静岡県
726,AREAS4802,伊東,AREAL4800,熱海・伊豆・下田,AREAM4802,伊東,PREF22,静岡県
727,AREAS4806,下田・東伊豆,AREAL4800,熱海・伊豆・下田,AREAM4806,下田・東伊豆,PREF22,静岡県
728,AREAS4807,西伊豆・南伊豆,AREAL4800,熱海・伊豆・下田,AREAM4859,西伊豆・南伊豆,PREF22,静岡県
729,AREAS4813,三島,AREAL4812,三島・沼津・御殿場,AREAM4812,三島,PREF22,静岡県
730,AREAS4816,沼津駅周辺,AREAL4812,三島・沼津・御殿場,AREAM4816,沼津,PREF22,静岡県
731,AREAS4858,その他沼津,AREAL4812,三島・沼津・御殿場,AREAM4816,沼津,PREF22,静岡県
732,AREAS4814,裾野,AREAL4812,三島・沼津・御殿場,AREAM4861,裾野,PREF22,静岡県
733,AREAS4812,御殿場,AREAL4812,三島・沼津・御殿場,AREAM4860,御殿場,PREF22,静岡県
734,AREAS4819,富士市,AREAL4842,富士市・富士宮,AREAM4818,富士市,PREF22,静岡県
735,AREAS4818,富士宮,AREAL4842,富士市・富士宮,AREAM4862,富士宮,PREF22,静岡県
736,AREAS4859,両替町・紺屋町・呉服町,AREAL4822,静岡・清水,AREAM4826,静岡,PREF22,静岡県
737,AREAS4826,新静岡駅・伝馬町・御幸町,AREAL4822,静岡・清水,AREAM4826,静岡,PREF22,静岡県
738,AREAS4860,静岡駅南,AREAL4822,静岡・清水,AREAM4826,静岡,PREF22,静岡県
739,AREAS4861,葵区・駿河区,AREAL4822,静岡・清水,AREAM4826,静岡,PREF22,静岡県
740,AREAS4827,清水駅周辺,AREAL4822,静岡・清水,AREAM4827,清水,PREF22,静岡県
741,AREAS4863,その他清水,AREAL4822,静岡・清水,AREAM4827,清水,PREF22,静岡県
742,AREAS4822,藤枝,AREAL4851,島田・藤枝・焼津,AREAM4822,藤枝,PREF22,静岡県
743,AREAS4823,焼津,AREAL4851,島田・藤枝・焼津,AREAM4863,焼津,PREF22,静岡県
744,AREAS4865,牧之原・吉田,AREAL4851,島田・藤枝・焼津,AREAM4871,牧之原・吉田,PREF22,静岡県
745,AREAS4824,島田,AREAL4851,島田・藤枝・焼津,AREAM4864,島田,PREF22,静岡県
746,AREAS4866,川根本町,AREAL4851,島田・藤枝・焼津,AREAM4872,川根本町,PREF22,静岡県
747,AREAS4864,御前崎,AREAL4852,磐田・袋井・掛川,AREAM4870,御前崎,PREF22,静岡県
748,AREAS4833,菊川,AREAL4852,磐田・袋井・掛川,AREAM4865,菊川,PREF22,静岡県
749,AREAS4832,掛川,AREAL4852,磐田・袋井・掛川,AREAM4832,掛川,PREF22,静岡県
750,AREAS4834,袋井,AREAL4852,磐田・袋井・掛川,AREAM4866,袋井,PREF22,静岡県
751,AREAS4835,磐田,AREAL4852,磐田・袋井・掛川,AREAM4867,磐田,PREF22,静岡県
752,AREAS4867,森町,AREAL4852,磐田・袋井・掛川,AREAM4873,森町,PREF22,静岡県
753,AREAS3103,茶屋町・中崎町,AREAL3102,梅田・北新地,AREAM3824,茶屋町・中崎町,PREF27,大阪府
754,AREAS3162,東心斎橋・心斎橋筋,AREAL3162,心斎橋,AREAM3162,心斎橋,PREF27,大阪府
755,AREAS3164,アメリカ村・四ツ橋,AREAL3162,心斎橋,AREAM3162,心斎橋,PREF27,大阪府
756,AREAS3166,南船場,AREAL3162,心斎橋,AREAM3162,心斎橋,PREF27,大阪府
757,AREAS3168,新町,AREAL3162,心斎橋,AREAM3162,心斎橋,PREF27,大阪府
758,AREAS3170,堀江,AREAL3162,心斎橋,AREAM3162,心斎橋,PREF27,大阪府
759,AREAS3182,淀屋橋,AREAL3182,淀屋橋・本町・北浜,AREAM3182,淀屋橋,PREF27,大阪府
760,AREAS3184,北浜,AREAL3182,淀屋橋・本町・北浜,AREAM3184,北浜,PREF27,大阪府
761,AREAS3186,肥後橋,AREAL3182,淀屋橋・本町・北浜,AREAM3186,肥後橋,PREF27,大阪府
762,AREAS3188,本町・堺筋本町,AREAL3182,淀屋橋・本町・北浜,AREAM3188,本町・堺筋本町,PREF27,大阪府
763,AREAS3190,阿波座・京町堀,AREAL3182,淀屋橋・本町・北浜,AREAM3190,阿波座・京町堀,PREF27,大阪府
764,AREAS3306,守口,AREAL3305,京阪エリア,AREAM3306,守口,PREF27,大阪府
765,AREAS3307,枚方・交野,AREAL3305,京阪エリア,AREAM3307,枚方・交野,PREF27,大阪府
766,AREAS3308,大東・四條畷,AREAL3305,京阪エリア,AREAM3308,大東・四條畷,PREF27,大阪府
767,AREAS3309,八尾,AREAL3306,東大阪・八尾,AREAM3309,八尾,PREF27,大阪府
768,AREAS3312,堺,AREAL3310,堺・なかもず,AREAM3312,堺,PREF27,大阪府
769,AREAS3313,なかもず・深井・北野田,AREAL3310,堺・なかもず,AREAM3313,なかもず・深井・北野田,PREF27,大阪府
770,AREAS3414,四条烏丸・烏丸御池,AREAL3414,烏丸・大宮,AREAM3414,四条烏丸・烏丸御池,PREF26,京都府
771,AREAS3416,西院,AREAL3413,西院・桂・長岡京,AREAM3416,西院,PREF26,京都府
772,AREAS3432,桂・西京極,AREAL3413,西院・桂・長岡京,AREAM3432,桂・西京極,PREF26,京都府
773,AREAS3434,嵐山,AREAL3432,嵐山・嵯峨野,AREAM3434,嵐山,PREF26,京都府
774,AREAS3440,山科,AREAL3442,伏見・山科・宇治,AREAM3848,山科,PREF26,京都府
775,AREAS3442,伏見・醍醐,AREAL3442,伏見・山科・宇治,AREAM3442,伏見・醍醐,PREF26,京都府
776,AREAS3462,向日・長岡京,AREAL3413,西院・桂・長岡京,AREAM3462,向日・長岡京,PREF26,京都府
777,AREAS3464,八幡・京田辺,AREAL3442,伏見・山科・宇治,AREAM3464,八幡・京田辺,PREF26,京都府
778,AREAS3481,舞鶴・宮津・京丹後,AREAL3438,大原・京都北部,AREAM3481,舞鶴・宮津・京丹後,PREF26,京都府
779,AREAS3482,福知山・綾部,AREAL3438,大原・京都北部,AREAM3482,福知山・綾部,PREF26,京都府
780,AREAS3483,亀岡,AREAL3438,大原・京都北部,AREAM3483,亀岡,PREF26,京都府
781,AREAS3611,大和高田,AREAL3605,大和高田・橿原,AREAM3611,大和高田,PREF29,奈良県
782,AREAS3612,橿原,AREAL3605,大和高田・橿原,AREAM3612,橿原,PREF29,奈良県
783,AREAS3704,栗東,AREAL3700,草津・栗東,AREAM3704,栗東,PREF25,滋賀県
784,AREAS3709,野洲,AREAL3704,守山・野洲,AREAM3709,野洲,PREF25,滋賀県
785,AREAS3712,草津・南草津,AREAL3700,草津・栗東,AREAM3712,草津・南草津,PREF25,滋賀県
786,AREAS3713,守山,AREAL3704,守山・野洲,AREAM3866,守山,PREF25,滋賀県
787,AREAS3826,門真,AREAL3305,京阪エリア,AREAM3840,門真,PREF27,大阪府
788,AREAS3827,寝屋川,AREAL3305,京阪エリア,AREAM3841,寝屋川,PREF27,大阪府
789,AREAS3828,東大阪,AREAL3306,東大阪・八尾,AREAM3842,東大阪,PREF27,大阪府
790,AREAS3829,四条大宮,AREAL3414,烏丸・大宮,AREAM3843,四条大宮,PREF26,京都府
791,AREAS3831,嵯峨野・太秦,AREAL3432,嵐山・嵯峨野,AREAM3845,嵯峨野・太秦,PREF26,京都府
792,AREAS3832,宇治,AREAL3442,伏見・山科・宇治,AREAM3847,宇治,PREF26,京都府
793,AREAS3102,梅田・大阪駅,AREAL3102,梅田・北新地,AREAM3102,梅田・大阪駅,PREF27,大阪府
794,AREAS3438,大原・鞍馬・貴船,AREAL3438,大原・京都北部,AREAM3438,大原・鞍馬・貴船,PREF26,京都府
795,AREAS3108,北新地,AREAL3102,梅田・北新地,AREAM3108,北新地,PREF27,大阪府
796,AREAS3110,西梅田,AREAL3102,梅田・北新地,AREAM3826,西梅田,PREF27,大阪府
797,AREAS3112,東通り・堂山,AREAL3102,梅田・北新地,AREAM3112,東通り・堂山,PREF27,大阪府
798,AREAS3114,東梅田・お初天神,AREAL3102,梅田・北新地,AREAM3113,東梅田・お初天神・太融寺,PREF27,大阪府
799,AREAS3116,兎我野町・太融寺,AREAL3102,梅田・北新地,AREAM3113,東梅田・お初天神・太融寺,PREF27,大阪府
800,AREAS3118,（大阪）福島・野田・中之島,AREAL3102,梅田・北新地,AREAM3118,（大阪）福島・野田・中之島,PREF27,大阪府
801,AREAS3142,道頓堀・宗右衛門町,AREAL3142,難波・道頓堀,AREAM3144,なんば（難波）,PREF27,大阪府
802,AREAS3144,難波駅周辺,AREAL3142,難波・道頓堀,AREAM3144,なんば（難波）,PREF27,大阪府
803,AREAS3148,千日前・法善寺横丁,AREAL3142,難波・道頓堀,AREAM3144,なんば（難波）,PREF27,大阪府
804,AREAS3150,（大阪）日本橋,AREAL3142,難波・道頓堀,AREAM3150,（大阪）日本橋,PREF27,大阪府
805,AREAS3146,芦原・今宮,AREAL3142,難波・道頓堀,AREAM3146,芦原・今宮,PREF27,大阪府
806,AREAS3208,西天満,AREAL3206,天満・天神橋筋・南森町,AREAM3208,西天満,PREF27,大阪府
807,AREAS3210,南森町,AREAL3206,天満・天神橋筋・南森町,AREAM3830,南森町,PREF27,大阪府
808,AREAS3206,天満・天神橋筋,AREAL3206,天満・天神橋筋・南森町,AREAM3206,天満・天神橋筋,PREF27,大阪府
809,AREAS3204,天満橋,AREAL3208,天満橋・谷町四丁目,AREAM3204,天満橋,PREF27,大阪府
810,AREAS3202,谷町・谷町四丁目,AREAL3208,天満橋・谷町四丁目,AREAM3202,谷町・谷町四丁目,PREF27,大阪府
811,AREAS3222,鶴橋,AREAL3223,鶴橋・上本町,AREAM3222,鶴橋,PREF27,大阪府
812,AREAS3212,上本町,AREAL3223,鶴橋・上本町,AREAM3831,上本町,PREF27,大阪府
813,AREAS3224,（大阪）京橋,AREAL3222,京橋・OBP,AREAM3224,（大阪）京橋,PREF27,大阪府
814,AREAS3326,鶴見・都島,AREAL3222,京橋・OBP,AREAM3326,鶴見・都島,PREF27,大阪府
815,AREAS3242,九条,AREAL3242,ユニバーサルシティ・大阪南港・九条,AREAM3242,九条,PREF27,大阪府
816,AREAS3246,天保山・弁天町・USJ,AREAL3242,ユニバーサルシティ・大阪南港・九条,AREAM3246,天保山・弁天町・USJ,PREF27,大阪府
817,AREAS3244,大阪南港,AREAL3242,ユニバーサルシティ・大阪南港・九条,AREAM3244,大阪南港,PREF27,大阪府
818,AREAS3248,大正・住之江,AREAL3242,ユニバーサルシティ・大阪南港・九条,AREAM3248,大正・住之江,PREF27,大阪府
819,AREAS3264,天王寺・阿倍野,AREAL3264,天王寺・新世界・住吉,AREAM3264,天王寺・阿倍野,PREF27,大阪府
820,AREAS3262,新世界,AREAL3264,天王寺・新世界・住吉,AREAM3262,新世界,PREF27,大阪府
821,AREAS3270,天下茶屋・西成,AREAL3264,天王寺・新世界・住吉,AREAM3270,天下茶屋・西成,PREF27,大阪府
822,AREAS3266,住吉,AREAL3264,天王寺・新世界・住吉,AREAM3266,住吉,PREF27,大阪府
823,AREAS3268,生野・平野,AREAL3264,天王寺・新世界・住吉,AREAM3268,生野・平野,PREF27,大阪府
824,AREAS3282,新大阪駅,AREAL3282,新大阪・西中島・十三,AREAM3282,新大阪駅,PREF27,大阪府
825,AREAS3288,西中島南方,AREAL3282,新大阪・西中島・十三,AREAM3288,西中島南方,PREF27,大阪府
826,AREAS3284,十三・淀川,AREAL3282,新大阪・西中島・十三,AREAM3284,十三・淀川,PREF27,大阪府
827,AREAS3286,上新庄・東淀川,AREAL3282,新大阪・西中島・十三,AREAM3286,上新庄・東淀川,PREF27,大阪府
828,AREAS3300,千里中央,AREAL3302,江坂・千里中央・豊中,AREAM3834,千里中央,PREF27,大阪府
829,AREAS3302,豊中,AREAL3302,江坂・千里中央・豊中,AREAM3835,豊中,PREF27,大阪府
830,AREAS3324,池田・阪急石橋,AREAL3302,江坂・千里中央・豊中,AREAM3864,池田・阪急石橋,PREF27,大阪府
831,AREAS3316,箕面・能勢,AREAL3302,江坂・千里中央・豊中,AREAM3836,箕面・能勢,PREF27,大阪府
832,AREAS3322,江坂,AREAL3302,江坂・千里中央・豊中,AREAM3302,江坂,PREF27,大阪府
833,AREAS3318,吹田,AREAL3302,江坂・千里中央・豊中,AREAM3322,吹田・摂津,PREF27,大阪府
834,AREAS3328,摂津,AREAL3302,江坂・千里中央・豊中,AREAM3322,吹田・摂津,PREF27,大阪府
835,AREAS3320,茨木,AREAL3304,茨木・高槻,AREAM3304,茨木,PREF27,大阪府
836,AREAS3304,高槻,AREAL3304,茨木・高槻,AREAM3839,高槻,PREF27,大阪府
837,AREAS3310,松原・藤井寺・河内長野,AREAL3308,松原・藤井寺・河内長野,AREAM3310,松原・藤井寺・河内長野,PREF27,大阪府
838,AREAS3314,岸和田・和泉・泉佐野,AREAL3314,岸和田・和泉・泉佐野,AREAM3314,岸和田・和泉・泉佐野,PREF27,大阪府
839,AREAS3402,四条河原町周辺・寺町,AREAL3402,河原町・木屋町・先斗町,AREAM3402,四条河原町周辺・寺町,PREF26,京都府
840,AREAS3418,木屋町・先斗町,AREAL3402,河原町・木屋町・先斗町,AREAM3418,木屋町・先斗町,PREF26,京都府
841,AREAS3413,二条城,AREAL3412,京都御所・西陣・二条城,AREAM3413,二条城,PREF26,京都府
842,AREAS3830,京都御所・西陣,AREAL3412,京都御所・西陣・二条城,AREAM3844,京都御所・西陣,PREF26,京都府
843,AREAS3404,京都駅,AREAL3404,京都駅・南区,AREAM3404,京都駅,PREF26,京都府
844,AREAS3406,七条・丹波口,AREAL3404,京都駅・南区,AREAM3406,七条・丹波口,PREF26,京都府
845,AREAS3408,東寺・東福寺,AREAL3404,京都駅・南区,AREAM3408,東寺・東福寺,PREF26,京都府
846,AREAS3410,吉祥院・鳥羽,AREAL3404,京都駅・南区,AREAM3410,吉祥院・鳥羽,PREF26,京都府
847,AREAS3422,祇園,AREAL3422,祇園・岡崎・清水寺,AREAM3422,祇園,PREF26,京都府
848,AREAS3423,円山公園・高台寺・清水寺,AREAL3422,祇園・岡崎・清水寺,AREAM3423,円山公園・高台寺・清水寺,PREF26,京都府
849,AREAS3424,岡崎・平安神宮・南禅寺,AREAL3422,祇園・岡崎・清水寺,AREAM3424,岡崎・平安神宮・南禅寺,PREF26,京都府
850,AREAS3436,銀閣寺・北白川・出町柳,AREAL3436,金閣寺・北山・銀閣寺,AREAM3436,銀閣寺・北白川・出町柳,PREF26,京都府
851,AREAS3444,上賀茂・北山（京都）,AREAL3436,金閣寺・北山・銀閣寺,AREAM3444,上賀茂・北山（京都）,PREF26,京都府
852,AREAS3446,金閣寺・衣笠,AREAL3436,金閣寺・北山・銀閣寺,AREAM3446,金閣寺・衣笠,PREF26,京都府
853,AREAS3502,三宮駅海手,AREAL3502,三宮・元町,AREAM3502,三宮,PREF28,兵庫県
854,AREAS3504,三宮駅山手,AREAL3502,三宮・元町,AREAM3502,三宮,PREF28,兵庫県
855,AREAS3506,新神戸・北野・異人館,AREAL3502,三宮・元町,AREAM3506,新神戸・北野・異人館,PREF28,兵庫県
856,AREAS3508,神戸元町・トアロード,AREAL3502,三宮・元町,AREAM3508,神戸元町・トアロード,PREF28,兵庫県
857,AREAS3510,南京町・旧居留地,AREAL3502,三宮・元町,AREAM3849,南京町・旧居留地,PREF28,兵庫県
858,AREAS3512,神戸山手,AREAL3512,神戸,AREAM3850,神戸,PREF28,兵庫県
859,AREAS3514,神戸・新開地,AREAL3512,神戸,AREAM3850,神戸,PREF28,兵庫県
860,AREAS3516,兵庫,AREAL3512,神戸,AREAM3850,神戸,PREF28,兵庫県
861,AREAS3522,長田,AREAL3512,神戸,AREAM3850,神戸,PREF28,兵庫県
862,AREAS3530,六甲,AREAL3518,灘・東灘,AREAM3851,六甲,PREF28,兵庫県
863,AREAS3536,王子・灘,AREAL3518,灘・東灘,AREAM3518,王子・灘,PREF28,兵庫県
864,AREAS3518,住吉,AREAL3518,灘・東灘,AREAM3520,住吉,PREF28,兵庫県
865,AREAS3532,御影,AREAL3518,灘・東灘,AREAM3852,御影,PREF28,兵庫県
866,AREAS3520,岡本・本山,AREAL3518,灘・東灘,AREAM3853,岡本・本山,PREF28,兵庫県
867,AREAS3524,須磨,AREAL3524,須磨・垂水・舞子,AREAM3524,須磨,PREF28,兵庫県
868,AREAS3525,垂水,AREAL3524,須磨・垂水・舞子,AREAM3525,垂水,PREF28,兵庫県
869,AREAS3578,神戸市北区・有馬温泉,AREAL3578,神戸市北区・有馬・三田,AREAM3578,神戸市北区・有馬温泉,PREF28,兵庫県
870,AREAS3576,三田,AREAL3578,神戸市北区・有馬・三田,AREAM3576,三田,PREF28,兵庫県
871,AREAS3542,ハーバーランド,AREAL3542,神戸ベイエリア,AREAM3854,ハーバーランド,PREF28,兵庫県
872,AREAS3546,メリケンパーク,AREAL3542,神戸ベイエリア,AREAM3542,メリケンパーク,PREF28,兵庫県
873,AREAS3544,ポートアイランド,AREAL3542,神戸ベイエリア,AREAM3544,ポートアイランド,PREF28,兵庫県
874,AREAS3833,六甲アイランド,AREAL3542,神戸ベイエリア,AREAM3865,六甲アイランド,PREF28,兵庫県
875,AREAS3570,西宮,AREAL3570,西宮・芦屋,AREAM3570,西宮,PREF28,兵庫県
876,AREAS3574,芦屋,AREAL3570,西宮・芦屋,AREAM3574,芦屋,PREF28,兵庫県
877,AREAS3572,夙川,AREAL3570,西宮・芦屋,AREAM3572,夙川,PREF28,兵庫県
878,AREAS3568,甲子園,AREAL3570,西宮・芦屋,AREAM3568,甲子園,PREF28,兵庫県
879,AREAS3566,尼崎,AREAL3562,尼崎・伊丹・宝塚,AREAM3566,尼崎,PREF28,兵庫県
880,AREAS3562,宝塚,AREAL3562,尼崎・伊丹・宝塚,AREAM3562,宝塚,PREF28,兵庫県
881,AREAS3834,伊丹,AREAL3562,尼崎・伊丹・宝塚,AREAM3855,伊丹,PREF28,兵庫県
882,AREAS3564,川西,AREAL3562,尼崎・伊丹・宝塚,AREAM3564,川西,PREF28,兵庫県
883,AREAS3582,加古川,AREAL3582,姫路・加古川,AREAM3582,加古川,PREF28,兵庫県
884,AREAS3835,西脇,AREAL3582,姫路・加古川,AREAM3856,西脇,PREF28,兵庫県
885,AREAS3584,姫路,AREAL3582,姫路・加古川,AREAM3584,姫路,PREF28,兵庫県
886,AREAS3836,赤穂,AREAL3582,姫路・加古川,AREAM3857,赤穂,PREF28,兵庫県
887,AREAS3588,淡路島,AREAL3588,淡路島,AREAM3588,淡路島,PREF28,兵庫県
888,AREAS3587,明石,AREAL3587,明石・神戸市西区,AREAM3587,明石,PREF28,兵庫県
889,AREAS3589,三木・小野,AREAL3587,明石・神戸市西区,AREAM3589,三木・小野,PREF28,兵庫県
890,AREAS3526,神戸市西区,AREAL3587,明石・神戸市西区,AREAM3526,神戸市西区,PREF28,兵庫県
891,AREAS3586,丹波・篠山,AREAL3586,丹波・城崎北部,AREAM3590,丹波・城崎,PREF28,兵庫県
892,AREAS3590,城崎・豊岡・出石,AREAL3586,丹波・城崎北部,AREAM3590,丹波・城崎,PREF28,兵庫県
893,AREAS3591,養父・宍粟,AREAL3586,丹波・城崎北部,AREAM3590,丹波・城崎,PREF28,兵庫県
894,AREAS3602,近鉄奈良駅・奈良駅東口,AREAL3601,奈良市・大和郡山・天理,AREAM3602,奈良市,PREF29,奈良県
895,AREAS3608,新大宮駅・奈良駅西口,AREAL3601,奈良市・大和郡山・天理,AREAM3602,奈良市,PREF29,奈良県
896,AREAS3609,その他奈良市,AREAL3601,奈良市・大和郡山・天理,AREAM3602,奈良市,PREF29,奈良県
897,AREAS3838,大和郡山,AREAL3601,奈良市・大和郡山・天理,AREAM3859,大和郡山,PREF29,奈良県
898,AREAS3607,天理,AREAL3601,奈良市・大和郡山・天理,AREAM3607,天理,PREF29,奈良県
899,AREAS3603,桜井・宇陀,AREAL3603,桜井・宇陀,AREAM3603,桜井・宇陀,PREF29,奈良県
900,AREAS3837,生駒,AREAL3602,生駒,AREAM3858,生駒,PREF29,奈良県
901,AREAS3604,王寺・広陵・香芝,AREAL3604,王寺・広陵・香芝,AREAM3604,王寺・広陵・香芝,PREF29,奈良県
902,AREAS3622,吉野・五條・十津川,AREAL3600,吉野・五條・十津川,AREAM3622,吉野・五條・十津川,PREF29,奈良県
903,AREAS3606,曽爾・川上・下北山,AREAL3606,曽爾・川上・下北山,AREAM3606,曽爾・川上・下北山,PREF29,奈良県
904,AREAS3839,近江八幡,AREAL3703,近江八幡,AREAM3860,近江八幡,PREF25,滋賀県
905,AREAS3841,甲賀・湖南,AREAL3705,甲賀・湖南,AREAM3705,甲賀・湖南,PREF25,滋賀県
906,AREAS3706,東近江・日野,AREAL3706,東近江・日野,AREAM3706,東近江・日野,PREF25,滋賀県
907,AREAS3714,石山・瀬田駅周辺,AREAL3701,大津市,AREAM3702,大津市南部,PREF25,滋賀県
908,AREAS3702,浜大津・大津駅・膳所駅周辺,AREAL3701,大津市,AREAM3702,大津市南部,PREF25,滋賀県
909,AREAS3715,その他大津市南部,AREAL3701,大津市,AREAM3702,大津市南部,PREF25,滋賀県
910,AREAS3711,大津市北部,AREAL3701,大津市,AREAM3711,大津市北部,PREF25,滋賀県
911,AREAS3707,高島,AREAL3707,高島,AREAM3707,高島,PREF25,滋賀県
912,AREAS3722,長浜・米原,AREAL3708,長浜・米原,AREAM3722,長浜・米原,PREF25,滋賀県
913,AREAS3840,彦根・多賀・愛荘,AREAL3702,彦根・多賀・愛荘,AREAM3861,彦根・多賀・愛荘,PREF25,滋賀県
914,AREAS3804,和歌山駅周辺,AREAL3800,和歌山市,AREAM3802,和歌山市,PREF30,和歌山県
915,AREAS3805,和歌山城周辺,AREAL3800,和歌山市,AREAM3802,和歌山市,PREF30,和歌山県
916,AREAS3802,ぶらくり丁商店街周辺,AREAL3800,和歌山市,AREAM3802,和歌山市,PREF30,和歌山県
917,AREAS3803,その他和歌山市,AREAL3800,和歌山市,AREAM3802,和歌山市,PREF30,和歌山県
918,AREAS3814,海南,AREAL3804,海南,AREAM3862,海南,PREF30,和歌山県
919,AREAS3812,岩出・紀の川・橋本,AREAL3803,岩出・紀の川・橋本,AREAM3812,岩出・紀の川・橋本,PREF30,和歌山県
920,AREAS3811,有田・湯浅・みなべ,AREAL3801,有田・湯浅・みなべ,AREAM3811,有田・湯浅・みなべ,PREF30,和歌山県
921,AREAS3822,田辺・白浜・すさみ,AREAL3805,田辺・白浜・すさみ,AREAM3822,田辺・白浜・すさみ,PREF30,和歌山県
922,AREAS3824,新宮・串本,AREAL3802,新宮・串本,AREAM3863,新宮・串本,PREF30,和歌山県
923,AREAS7202,岡山駅東口,AREAL7200,岡山市,AREAM7202,岡山市,PREF33,岡山県
924,AREAS7204,岡山駅西口,AREAL7200,岡山市,AREAM7202,岡山市,PREF33,岡山県
925,AREAS7231,美咲,AREAL7203,津山・美咲,AREAM7231,美咲,PREF33,岡山県
926,AREAS7232,津山,AREAL7203,津山・美咲,AREAM7232,津山,PREF33,岡山県
927,AREAS7305,紙屋町・基町・大手町,AREAL7300,広島市,AREAM7303,広島市,PREF34,広島県
928,AREAS7310,広島駅南口周辺,AREAL7300,広島市,AREAM7303,広島市,PREF34,広島県
929,AREAS7317,安佐北区・安佐南区,AREAL7300,広島市,AREAM7303,広島市,PREF34,広島県
930,AREAS7302,流川・薬研堀,AREAL7300,広島市,AREAM7303,広島市,PREF34,広島県
931,AREAS7203,表町,AREAL7200,岡山市,AREAM7202,岡山市,PREF33,岡山県
932,AREAS7303,本通・立町,AREAL7300,広島市,AREAM7303,広島市,PREF34,広島県
933,AREAS7325,並木通り・袋町・中町,AREAL7300,広島市,AREAM7303,広島市,PREF34,広島県
934,AREAS7205,その他岡山市,AREAL7200,岡山市,AREAM7202,岡山市,PREF33,岡山県
935,AREAS7307,八丁堀・幟町・白島,AREAL7300,広島市,AREAM7303,広島市,PREF34,広島県
936,AREAS7306,地蔵通り・市役所周辺,AREAL7300,広島市,AREAM7303,広島市,PREF34,広島県
937,AREAS7309,十日市・本川町・舟入,AREAL7300,広島市,AREAM7303,広島市,PREF34,広島県
938,AREAS7313,南区・宇品,AREAL7300,広島市,AREAM7303,広島市,PREF34,広島県
939,AREAS7314,東区・新幹線口,AREAL7300,広島市,AREAM7303,広島市,PREF34,広島県
940,AREAS7319,安芸区・安芸郡,AREAL7300,広島市,AREAM7303,広島市,PREF34,広島県
941,AREAS7315,西区・横川,AREAL7300,広島市,AREAM7303,広島市,PREF34,広島県
942,AREAS7320,佐伯区・五日市,AREAL7300,広島市,AREAM7303,広島市,PREF34,広島県
943,AREAS7326,廿日市市・大竹市,AREAL7315,廿日市市・大竹市・宮島,AREAM7320,廿日市市・大竹市,PREF34,広島県
944,AREAS7312,宮島,AREAL7315,廿日市市・大竹市・宮島,AREAM7312,宮島,PREF34,広島県
945,AREAS7322,西条・東広島,AREAL7322,東広島・呉・竹原,AREAM7322,西条・東広島,PREF34,広島県
946,AREAS7324,竹原,AREAL7322,東広島・呉・竹原,AREAM7433,竹原,PREF34,広島県
947,AREAS7323,呉,AREAL7322,東広島・呉・竹原,AREAM7323,呉,PREF34,広島県
948,AREAS7332,福山・府中,AREAL7332,福山・尾道・三原,AREAM7332,福山・府中,PREF34,広島県
949,AREAS7333,尾道,AREAL7332,福山・尾道・三原,AREAM7333,尾道,PREF34,広島県
950,AREAS7334,三原,AREAL7332,福山・尾道・三原,AREAM7434,三原,PREF34,広島県
951,AREAS7342,庄原・神石,AREAL7342,県北・三次,AREAM7342,庄原・神石,PREF34,広島県
952,AREAS7343,三次・世羅,AREAL7342,県北・三次,AREAM7343,三次・世羅,PREF34,広島県
953,AREAS7344,安芸高田・山県郡,AREAL7342,県北・三次,AREAM7344,安芸高田・山県郡,PREF34,広島県
954,AREAS7212,倉敷駅周辺,AREAL7201,倉敷,AREAM7212,倉敷,PREF33,岡山県
955,AREAS7213,水島,AREAL7201,倉敷,AREAM7212,倉敷,PREF33,岡山県
956,AREAS7214,児島,AREAL7201,倉敷,AREAM7212,倉敷,PREF33,岡山県
957,AREAS7215,美観地区,AREAL7201,倉敷,AREAM7212,倉敷,PREF33,岡山県
958,AREAS7216,その他倉敷,AREAL7201,倉敷,AREAM7212,倉敷,PREF33,岡山県
959,AREAS7222,赤磐・瀬戸内・備前,AREAL7202,赤磐・瀬戸内・備前,AREAM7222,赤磐・瀬戸内・備前,PREF33,岡山県
960,AREAS7242,井原・笠岡・浅口,AREAL7204,井原・笠岡・浅口,AREAM7242,井原・笠岡・浅口,PREF33,岡山県
961,AREAS7252,総社・高梁・吉備中央,AREAL7205,総社・高梁・吉備中央,AREAM7252,総社・高梁・吉備中央,PREF33,岡山県
962,AREAS7262,美作・奈義・勝央,AREAL7206,美作・奈義・勝央,AREAM7262,美作・奈義・勝央,PREF33,岡山県
963,AREAS7272,新見・真庭,AREAL7207,新見・真庭,AREAM7272,新見・真庭,PREF33,岡山県
964,AREAS7435,下関駅周辺,AREAL7403,下関,AREAM7437,下関,PREF35,山口県
965,AREAS7437,その他下関,AREAL7403,下関,AREAM7437,下関,PREF35,山口県
966,AREAS7432,宇部,AREAL7408,宇部・山陽小野田,AREAM7432,宇部,PREF35,山口県
967,AREAS7427,山陽小野田,AREAL7408,宇部・山陽小野田,AREAM7427,山陽小野田,PREF35,山口県
968,AREAS7422,萩,AREAL7402,萩・美祢,AREAM7422,萩,PREF35,山口県
969,AREAS7426,美祢,AREAL7402,萩・美祢,AREAM7426,美祢,PREF35,山口県
970,AREAS7425,長門,AREAL7407,長門,AREAM7425,長門,PREF35,山口県
971,AREAS7412,山口市,AREAL7401,山口市,AREAM7412,山口市,PREF35,山口県
972,AREAS7433,防府,AREAL7405,防府,AREAM7435,防府,PREF35,山口県
973,AREAS7434,周南,AREAL7406,周南・下松,AREAM7436,周南,PREF35,山口県
974,AREAS7424,下松,AREAL7406,周南・下松,AREAM7424,下松,PREF35,山口県
975,AREAS7402,岩国,AREAL7400,岩国,AREAM7402,岩国,PREF35,山口県
976,AREAS7423,光市・柳井・周防大島,AREAL7404,光市・柳井・周防大島,AREAM7423,光市・柳井・周防大島,PREF35,山口県
977,AREAS7152,松江駅周辺,AREAL7150,松江,AREAM7152,松江,PREF32,島根県
978,AREAS7153,その他松江,AREAL7150,松江,AREAM7152,松江,PREF32,島根県
979,AREAS7436,出雲,AREAL7153,出雲,AREAM7438,出雲,PREF32,島根県
980,AREAS7154,雲南・飯南・奥出雲,AREAL7154,雲南・飯南・奥出雲,AREAM7154,雲南・飯南・奥出雲,PREF32,島根県
981,AREAS7155,安来,AREAL7155,安来,AREAM7155,安来,PREF32,島根県
982,AREAS7156,大田・美郷・邑南,AREAL7156,大田・美郷・邑南,AREAM7156,大田・美郷・邑南,PREF32,島根県
983,AREAS7172,浜田・江津,AREAL7152,浜田・江津,AREAM7172,浜田・江津,PREF32,島根県
984,AREAS7157,津和野・益田・吉賀,AREAL7157,津和野・益田・吉賀,AREAM7157,津和野・益田・吉賀,PREF32,島根県
985,AREAS7162,隠岐,AREAL7151,隠岐,AREAM7162,隠岐,PREF32,島根県
986,AREAS7102,鳥取駅周辺,AREAL7100,鳥取市,AREAM7102,鳥取市,PREF31,鳥取県
987,AREAS7142,その他鳥取市,AREAL7100,鳥取市,AREAM7102,鳥取市,PREF31,鳥取県
988,AREAS7132,八頭・若桜・智頭,AREAL7102,八頭・若桜・智頭,AREAM7132,八頭・若桜・智頭,PREF31,鳥取県
989,AREAS7112,倉吉・湯梨浜・琴浦,AREAL7101,倉吉・湯梨浜・琴浦,AREAM7112,倉吉・湯梨浜・琴浦,PREF31,鳥取県
990,AREAS7103,朝日町,AREAL7103,米子,AREAM7103,米子,PREF31,鳥取県
991,AREAS7113,その他米子,AREAL7103,米子,AREAM7103,米子,PREF31,鳥取県
992,AREAS7104,境港,AREAL7104,境港,AREAM7104,境港,PREF31,鳥取県
993,AREAS7105,大山・伯耆・南部,AREAL7105,大山・伯耆・南部,AREAM7105,大山・伯耆・南部,PREF31,鳥取県
994,AREAS7106,日南・日野・江府,AREAL7106,日南・日野・江府,AREAM7106,日南・日野・江府,PREF31,鳥取県
995,AREAS7806,伊予・砥部,AREAL7803,伊予・砥部,AREAM7803,伊予・砥部,PREF38,愛媛県
996,AREAS7812,今治,AREAL7805,今治,AREAM7812,今治,PREF38,愛媛県
997,AREAS7821,鬼北,AREAL7802,鬼北・宇和島・愛南,AREAM7821,鬼北,PREF38,愛媛県
998,AREAS7822,宇和島,AREAL7802,鬼北・宇和島・愛南,AREAM7822,宇和島,PREF38,愛媛県
999,AREAS7600,東新町・秋田町・紺屋町,AREAL7600,徳島市,AREAM7602,徳島市,PREF36,徳島県
1000,AREAS7602,徳島駅周辺,AREAL7600,徳島市,AREAM7602,徳島市,PREF36,徳島県
1001,AREAS7601,その他徳島市,AREAL7600,徳島市,AREAM7602,徳島市,PREF36,徳島県
1002,AREAS7603,美馬・吉野川・石井,AREAL7602,美馬・吉野川・石井,AREAM7603,美馬・吉野川・石井,PREF36,徳島県
1003,AREAS7604,三好,AREAL7603,三好,AREAM7604,三好,PREF36,徳島県
1004,AREAS7605,小松島,AREAL7604,小松島,AREAM7605,小松島,PREF36,徳島県
1005,AREAS7923,鳴門,AREAL7923,鳴門,AREAM7923,鳴門,PREF36,徳島県
1006,AREAS7925,阿波,AREAL7924,阿波,AREAM7925,阿波,PREF36,徳島県
1007,AREAS7612,阿南,AREAL7601,阿南,AREAM7612,阿南,PREF36,徳島県
1008,AREAS7607,那賀・勝浦,AREAL7607,那賀・勝浦,AREAM7607,那賀・勝浦,PREF36,徳島県
1009,AREAS7608,美波・牟岐・海陽,AREAL7608,美波・牟岐・海陽,AREAM7608,美波・牟岐・海陽,PREF36,徳島県
1010,AREAS7802,松山駅周辺,AREAL7800,松山,AREAM7802,松山,PREF38,愛媛県
1011,AREAS7803,大街道・銀天街,AREAL7800,松山,AREAM7802,松山,PREF38,愛媛県
1012,AREAS7804,道後温泉周辺,AREAL7800,松山,AREAM7802,松山,PREF38,愛媛県
1013,AREAS7805,その他松山,AREAL7800,松山,AREAM7802,松山,PREF38,愛媛県
1014,AREAS7807,久万高原・東温,AREAL7804,久万高原・東温,AREAM7804,久万高原・東温,PREF38,愛媛県
1015,AREAS7808,西条,AREAL7801,西条・新居浜・四国中央,AREAM7805,西条,PREF38,愛媛県
1016,AREAS7924,新居浜,AREAL7801,西条・新居浜・四国中央,AREAM7924,新居浜,PREF38,愛媛県
1017,AREAS7809,四国中央,AREAL7801,西条・新居浜・四国中央,AREAM7806,四国中央,PREF38,愛媛県
1018,AREAS7810,八幡浜・大洲・西予,AREAL7806,八幡浜・大洲・西予,AREAM7807,八幡浜・大洲・西予,PREF38,愛媛県
1019,AREAS7700,瓦町駅周辺,AREAL7700,高松,AREAM7702,高松,PREF37,香川県
1020,AREAS7701,丸亀町商店街・高松ライオン通り,AREAL7700,高松,AREAM7702,高松,PREF37,香川県
1021,AREAS7702,高松駅周辺,AREAL7700,高松,AREAM7702,高松,PREF37,香川県
1022,AREAS7703,その他高松,AREAL7700,高松,AREAM7702,高松,PREF37,香川県
1023,AREAS7712,三木・さぬき・東かがわ,AREAL7701,三木・さぬき・東かがわ,AREAM7712,三木・さぬき・東かがわ,PREF37,香川県
1024,AREAS7704,三豊・観音寺,AREAL7704,三豊・観音寺,AREAM7703,三豊・観音寺,PREF37,香川県
1025,AREAS7722,坂出,AREAL7702,坂出・丸亀・善通寺,AREAM7722,坂出,PREF37,香川県
1026,AREAS7705,丸亀,AREAL7702,坂出・丸亀・善通寺,AREAM7704,丸亀,PREF37,香川県
1027,AREAS7706,多度津・善通寺・琴平,AREAL7702,坂出・丸亀・善通寺,AREAM7705,多度津・善通寺・琴平,PREF37,香川県
1028,AREAS7707,綾川・まんのう,AREAL7702,坂出・丸亀・善通寺,AREAM7706,綾川・まんのう,PREF37,香川県
1029,AREAS7732,小豆島・直島,AREAL7703,小豆島・直島,AREAM7732,小豆島・直島,PREF37,香川県
1030,AREAS7912,高知市中心部,AREAL7901,高知市,AREAM7912,高知市,PREF39,高知県
1031,AREAS7913,高知市郊外,AREAL7901,高知市,AREAM7912,高知市,PREF39,高知県
1032,AREAS7903,南国・香南・香美,AREAL7903,南国・香南・香美,AREAM7903,南国・香南・香美,PREF39,高知県
1033,AREAS7904,大豊・本山・土佐町,AREAL7904,大豊・本山・土佐町,AREAM7904,大豊・本山・土佐町,PREF39,高知県
1034,AREAS7914,土佐・須崎・いの町,AREAL7905,土佐・須崎・いの町,AREAM7914,土佐・須崎・いの町,PREF39,高知県
1035,AREAS7906,仁淀川・越知・佐川,AREAL7906,仁淀川・越知・佐川,AREAM7906,仁淀川・越知・佐川,PREF39,高知県
1036,AREAS7902,安芸・室戸,AREAL7900,安芸・室戸,AREAM7902,安芸・室戸,PREF39,高知県
1037,AREAS7907,梼原・津野・四万十町,AREAL7907,梼原・津野・四万十町,AREAM7907,梼原・津野・四万十町,PREF39,高知県
1038,AREAS7922,四万十市・土佐清水,AREAL7902,四万十市・土佐清水,AREAM7922,四万十市・土佐清水,PREF39,高知県
1039,AREAS7908,宿毛,AREAL7908,宿毛,AREAM7908,宿毛,PREF39,高知県
1040,AREAS5012,天神,AREAL5010,天神・親富孝,AREAM5012,天神,PREF40,福岡県
1041,AREAS5014,大名,AREAL5011,大名・赤坂・今泉,AREAM5014,大名,PREF40,福岡県
1042,AREAS5016,赤坂,AREAL5011,大名・赤坂・今泉,AREAM5016,赤坂,PREF40,福岡県
1043,AREAS5022,今泉,AREAL5011,大名・赤坂・今泉,AREAM5022,今泉,PREF40,福岡県
1044,AREAS5024,警固,AREAL5020,警固・薬院,AREAM5024,警固,PREF40,福岡県
1045,AREAS5026,薬院,AREAL5020,警固・薬院,AREAM5026,薬院,PREF40,福岡県
1046,AREAS5032,親富孝,AREAL5010,天神・親富孝,AREAM5032,親富孝,PREF40,福岡県
1047,AREAS5040,博多駅博多口,AREAL5040,博多,AREAM5042,博多,PREF40,福岡県
1048,AREAS5041,竹下・南福岡,AREAL5040,博多,AREAM5042,博多,PREF40,福岡県
1049,AREAS5042,博多駅筑紫口,AREAL5040,博多,AREAM5042,博多,PREF40,福岡県
1050,AREAS5066,福岡空港周辺,AREAL5040,博多,AREAM5042,博多,PREF40,福岡県
1051,AREAS5072,高宮・野間,AREAL5070,福岡市南区・大橋,AREAM5072,高宮・野間,PREF40,福岡県
1052,AREAS5076,平尾・清川,AREAL5020,警固・薬院,AREAM5076,平尾・清川,PREF40,福岡県
1053,AREAS5092,百道・藤崎,AREAL5090,西新・百道,AREAM5092,百道・藤崎,PREF40,福岡県
1054,AREAS5094,ヤフードーム周辺,AREAL5090,西新・百道,AREAM5094,ヤフードーム周辺,PREF40,福岡県
1055,AREAS5096,西新,AREAL5090,西新・百道,AREAM5096,西新,PREF40,福岡県
1056,AREAS5098,福岡市早良区,AREAL5091,福岡市早良区,AREAM5098,福岡市早良区,PREF40,福岡県
1057,AREAS5136,八幡西区・東区,AREAL5130,北九州,AREAM5136,八幡西区・東区,PREF40,福岡県
1058,AREAS5137,その他北九州市,AREAL5130,北九州,AREAM5137,その他北九州市,PREF40,福岡県
1059,AREAS5144,久留米,AREAL5151,久留米,AREAM5144,久留米,PREF40,福岡県
1060,AREAS5434,柳川,AREAL5435,大牟田・柳川,AREAM5435,柳川,PREF40,福岡県
1061,AREAS5435,大牟田,AREAL5435,大牟田・柳川,AREAM5436,大牟田,PREF40,福岡県
1062,AREAS5440,太宰府・二日市,AREAL5154,春日・太宰府・筑紫野,AREAM5434,太宰府・二日市,PREF40,福岡県
1063,AREAS5064,住吉・美野島,AREAL5040,博多,AREAM5042,博多,PREF40,福岡県
1064,AREAS5131,小倉駅周辺,AREAL5130,北九州,AREAM5131,小倉北区,PREF40,福岡県
1065,AREAS5132,その他小倉北区,AREAL5130,北九州,AREAM5131,小倉北区,PREF40,福岡県
1066,AREAS5074,大橋,AREAL5070,福岡市南区・大橋,AREAM5074,大橋,PREF40,福岡県
1067,AREAS5142,春日,AREAL5154,春日・太宰府・筑紫野,AREAM5142,大野城・春日,PREF40,福岡県
1068,AREAS5433,大野城,AREAL5154,春日・太宰府・筑紫野,AREAM5142,大野城・春日,PREF40,福岡県
1069,AREAS5086,その他南区,AREAL5070,福岡市南区・大橋,AREAM5086,その他南区,PREF40,福岡県
1070,AREAS5431,小倉南区,AREAL5130,北九州,AREAM5433,小倉南区,PREF40,福岡県
1071,AREAS5034,大濠,AREAL5030,大濠・六本松・桜坂,AREAM5034,大濠,PREF40,福岡県
1072,AREAS5036,六本松,AREAL5030,大濠・六本松・桜坂,AREAM5036,六本松,PREF40,福岡県
1073,AREAS5038,桜坂・小笹,AREAL5030,大濠・六本松・桜坂,AREAM5038,桜坂・小笹,PREF40,福岡県
1074,AREAS5052,中洲,AREAL5050,中洲・春吉・川端,AREAM5052,中洲,PREF40,福岡県
1075,AREAS5054,西中洲・春吉,AREAL5050,中洲・春吉・川端,AREAM5054,西中洲・春吉,PREF40,福岡県
1076,AREAS5062,川端・祇園,AREAL5050,中洲・春吉・川端,AREAM5062,川端・祇園,PREF40,福岡県
1077,AREAS5102,姪浜・小戸,AREAL5100,姪浜・福岡市西区・糸島,AREAM5102,姪浜・小戸,PREF40,福岡県
1078,AREAS5106,その他西区・糸島,AREAL5100,姪浜・福岡市西区・糸島,AREAM5106,その他西区・糸島,PREF40,福岡県
1079,AREAS5112,香椎,AREAL5110,香椎・箱崎・その他東区,AREAM5112,香椎,PREF40,福岡県
1080,AREAS5114,箱崎,AREAL5110,香椎・箱崎・その他東区,AREAM5114,箱崎,PREF40,福岡県
1081,AREAS5116,その他東区,AREAL5110,香椎・箱崎・その他東区,AREAM5116,その他東区,PREF40,福岡県
1082,AREAS5122,別府,AREAL5120,別府・その他城南区,AREAM5122,別府,PREF40,福岡県
1083,AREAS5124,その他城南区,AREAL5120,別府・その他城南区,AREAM5124,その他城南区,PREF40,福岡県
1084,AREAS5436,宗像,AREAL5155,宗像・糟屋・筑豊,AREAM5437,宗像,PREF40,福岡県
1085,AREAS5148,筑豊・糟屋郡,AREAL5155,宗像・糟屋・筑豊,AREAM5148,筑豊・糟屋郡,PREF40,福岡県
1086,AREAS5162,佐賀駅周辺,AREAL5150,佐賀市,AREAM5162,佐賀市,PREF41,佐賀県
1087,AREAS5153,その他佐賀市,AREAL5150,佐賀市,AREAM5162,佐賀市,PREF41,佐賀県
1088,AREAS5163,鳥栖・みやき・神埼,AREAL5156,鳥栖・みやき・神埼,AREAM5438,鳥栖・みやき・神埼,PREF41,佐賀県
1089,AREAS5152,伊万里・有田,AREAL5157,伊万里・有田,AREAM5152,伊万里・有田,PREF41,佐賀県
1090,AREAS5437,唐津・呼子・玄海,AREAL5152,唐津・呼子・玄海,AREAM5439,唐津・呼子・玄海,PREF41,佐賀県
1091,AREAS5150,多久・小城,AREAL5158,多久・小城,AREAM5150,多久・小城,PREF41,佐賀県
1092,AREAS5154,武雄,AREAL5153,武雄,AREAM5153,武雄,PREF41,佐賀県
1093,AREAS5151,嬉野・鹿島・太良,AREAL5159,嬉野・鹿島・太良,AREAM5151,嬉野・鹿島・太良,PREF41,佐賀県
1094,AREAS5155,白石・大町・江北町,AREAL5160,白石・大町・江北町,AREAM5157,白石・大町・江北町,PREF41,佐賀県
1095,AREAS5203,観光通り・思案橋・正覚寺下,AREAL5200,長崎市,AREAM5202,長崎市,PREF42,長崎県
1096,AREAS5204,住吉・昭和町通り・若葉町,AREAL5200,長崎市,AREAM5202,長崎市,PREF42,長崎県
1097,AREAS5202,長崎県庁・市役所・長崎駅,AREAL5200,長崎市,AREAM5202,長崎市,PREF42,長崎県
1098,AREAS5205,その他長崎市,AREAL5200,長崎市,AREAM5202,長崎市,PREF42,長崎県
1099,AREAS5206,西海,AREAL5205,西海,AREAM5203,西海,PREF42,長崎県
1100,AREAS5207,時津・長与,AREAL5206,時津・長与,AREAM5204,時津・長与,PREF42,長崎県
1101,AREAS5208,雲仙,AREAL5207,雲仙・島原・南島原,AREAM5205,雲仙,PREF42,長崎県
1102,AREAS5209,島原・南島原,AREAL5207,雲仙・島原・南島原,AREAM5206,島原・南島原,PREF42,長崎県
1103,AREAS5210,諫早,AREAL5201,諫早・大村,AREAM5207,諫早,PREF42,長崎県
1104,AREAS5212,大村,AREAL5201,諫早・大村,AREAM5212,大村,PREF42,長崎県
1105,AREAS5222,京町通り・佐世保駅周辺,AREAL5202,佐世保,AREAM5222,佐世保,PREF42,長崎県
1106,AREAS5211,その他佐世保,AREAL5202,佐世保,AREAM5222,佐世保,PREF42,長崎県
1107,AREAS5213,波佐見・川棚,AREAL5209,波佐見・川棚,AREAM5208,波佐見・川棚,PREF42,長崎県
1108,AREAS5214,平戸・松浦,AREAL5210,平戸・松浦,AREAM5209,平戸・松浦,PREF42,長崎県
1109,AREAS5232,五島,AREAL5203,五島,AREAM5232,五島,PREF42,長崎県
1110,AREAS5242,壱岐,AREAL5204,壱岐・対馬,AREAM5242,壱岐,PREF42,長崎県
1111,AREAS5215,対馬,AREAL5204,壱岐・対馬,AREAM5210,対馬,PREF42,長崎県
1112,AREAS5252,上通り・並木坂,AREAL5250,熊本市,AREAM5252,熊本市,PREF43,熊本県
1113,AREAS5253,下通り・銀座通り,AREAL5250,熊本市,AREAM5252,熊本市,PREF43,熊本県
1114,AREAS5254,新市街・辛島町,AREAL5250,熊本市,AREAM5252,熊本市,PREF43,熊本県
1115,AREAS5255,熊本駅周辺,AREAL5250,熊本市,AREAM5252,熊本市,PREF43,熊本県
1116,AREAS5256,その他熊本市,AREAL5250,熊本市,AREAM5252,熊本市,PREF43,熊本県
1117,AREAS5262,荒尾・玉名・長洲,AREAL5251,荒尾・玉名・長洲,AREAM5262,荒尾・玉名・長洲,PREF43,熊本県
1118,AREAS5257,山鹿・大津・菊陽,AREAL5256,山鹿・大津・菊陽,AREAM5253,山鹿・大津・菊陽,PREF43,熊本県
1119,AREAS5258,西原・益城・御船,AREAL5257,西原・益城・御船,AREAM5254,西原・益城・御船,PREF43,熊本県
1120,AREAS5266,宇土・宇城・美里,AREAL5253,宇土・宇城・美里,AREAM5266,宇土・宇城・美里,PREF43,熊本県
1121,AREAS5259,水俣・芦北・津奈木,AREAL5258,水俣・芦北・津奈木,AREAM5255,水俣・芦北・津奈木,PREF43,熊本県
1122,AREAS5264,小国・阿蘇・南阿蘇,AREAL5252,小国・阿蘇・南阿蘇,AREAM5264,小国・阿蘇・南阿蘇,PREF43,熊本県
1123,AREAS5270,上天草・天草・苓北,AREAL5255,上天草・天草・苓北,AREAM5270,上天草・天草・苓北,PREF43,熊本県
1124,AREAS5268,人吉・球磨・錦町,AREAL5254,人吉・球磨・錦町,AREAM5268,人吉・球磨・錦町,PREF43,熊本県
1125,AREAS5301,都町,AREAL5300,大分市,AREAM5302,大分市,PREF44,大分県
1126,AREAS5307,府内町,AREAL5300,大分市,AREAM5302,大分市,PREF44,大分県
1127,AREAS5308,その他大分市,AREAL5300,大分市,AREAM5302,大分市,PREF44,大分県
1128,AREAS5304,臼杵・津久見,AREAL5304,臼杵・津久見,AREAM5304,臼杵・津久見,PREF44,大分県
1129,AREAS5302,別府,AREAL5302,別府・湯布院・杵築,AREAM5308,別府,PREF44,大分県
1130,AREAS5438,湯布院,AREAL5302,別府・湯布院・杵築,AREAM5444,湯布院,PREF44,大分県
1131,AREAS5303,杵築,AREAL5302,別府・湯布院・杵築,AREAM5303,杵築,PREF44,大分県
1132,AREAS5312,佐伯,AREAL5301,佐伯,AREAM5312,佐伯,PREF44,大分県
1133,AREAS5305,豊後大野,AREAL5305,豊後大野,AREAM5305,豊後大野,PREF44,大分県
1134,AREAS5306,竹田,AREAL5306,竹田,AREAM5306,竹田,PREF44,大分県
1135,AREAS5322,日田,AREAL5307,日田・玖珠・九重,AREAM5322,日田,PREF44,大分県
1136,AREAS5323,玖珠・九重,AREAL5307,日田・玖珠・九重,AREAM5323,玖珠・九重,PREF44,大分県
1137,AREAS5332,中津,AREAL5303,中津・宇佐・豊後高田,AREAM5332,中津,PREF44,大分県
1138,AREAS5333,宇佐,AREAL5303,中津・宇佐・豊後高田,AREAM5333,宇佐,PREF44,大分県
1139,AREAS5334,豊後高田・国東,AREAL5303,中津・宇佐・豊後高田,AREAM5334,豊後高田・国東,PREF44,大分県
1140,AREAS5352,宮崎市中心部,AREAL5350,宮崎市,AREAM5352,宮崎市,PREF45,宮崎県
1141,AREAS5353,宮崎市郊外,AREAL5350,宮崎市,AREAM5352,宮崎市,PREF45,宮崎県
1142,AREAS5358,小林・えびの・高原町,AREAL5353,小林・えびの・高原町,AREAM5358,小林・えびの・高原町,PREF45,宮崎県
1143,AREAS5364,都城・三股,AREAL5354,都城・三股,AREAM5364,都城・三股,PREF45,宮崎県
1144,AREAS5354,日南・串間,AREAL5351,日南・串間,AREAM5354,日南・串間,PREF45,宮崎県
1145,AREAS5355,延岡,AREAL5355,延岡・日向・門川,AREAM5355,延岡,PREF45,宮崎県
1146,AREAS5359,日向・門川,AREAL5355,延岡・日向・門川,AREAM5359,日向・門川,PREF45,宮崎県
1147,AREAS5362,高鍋・西都・都農,AREAL5352,高鍋・西都・都農,AREAM5362,高鍋・西都・都農,PREF45,宮崎県
1148,AREAS5356,五ヶ瀬・高千穂・日之影,AREAL5356,五ヶ瀬・高千穂・日之影,AREAM5356,五ヶ瀬・高千穂・日之影,PREF45,宮崎県
1149,AREAS5357,美郷・椎葉・西米良,AREAL5357,美郷・椎葉・西米良,AREAM5357,美郷・椎葉・西米良,PREF45,宮崎県
1150,AREAS5410,天文館・文化通り・ベイサイド,AREAL5400,鹿児島市,AREAM5402,鹿児島市,PREF46,鹿児島県
1151,AREAS5402,鹿児島中央駅周辺,AREAL5400,鹿児島市,AREAM5402,鹿児島市,PREF46,鹿児島県
1152,AREAS5411,騎射場・荒田・鹿児島大学,AREAL5400,鹿児島市,AREAM5402,鹿児島市,PREF46,鹿児島県
1153,AREAS5414,与次郎・郡元,AREAL5400,鹿児島市,AREAM5402,鹿児島市,PREF46,鹿児島県
1154,AREAS5415,その他鹿児島市,AREAL5400,鹿児島市,AREAM5402,鹿児島市,PREF46,鹿児島県
1155,AREAS5404,いちき串木野・日置,AREAL5404,いちき串木野・日置,AREAM5404,いちき串木野・日置,PREF46,鹿児島県
1156,AREAS5405,枕崎・南さつま,AREAL5405,枕崎・南さつま・指宿,AREAM5405,枕崎・南さつま,PREF46,鹿児島県
1157,AREAS5403,指宿・南九州,AREAL5405,枕崎・南さつま・指宿,AREAM5403,指宿・南九州,PREF46,鹿児島県
1158,AREAS5439,さつま・薩摩川内・姶良,AREAL5406,霧島・薩摩川内・姶良,AREAM5445,さつま・薩摩川内・姶良,PREF46,鹿児島県
1159,AREAS5406,霧島・湧水,AREAL5406,霧島・薩摩川内・姶良,AREAM5406,霧島・湧水,PREF46,鹿児島県
1160,AREAS5407,阿久根・出水・伊佐,AREAL5407,阿久根・出水・伊佐,AREAM5407,阿久根・出水・伊佐,PREF46,鹿児島県
1161,AREAS5408,志布志・曽於・大崎,AREAL5408,志布志・曽於・大崎,AREAM5408,志布志・曽於・大崎,PREF46,鹿児島県
1162,AREAS5412,鹿屋・垂水,AREAL5401,鹿屋・垂水・肝付,AREAM5412,鹿屋・垂水,PREF46,鹿児島県
1163,AREAS5413,肝付・錦江・南大隅,AREAL5401,鹿屋・垂水・肝付,AREAM5413,肝付・錦江・南大隅,PREF46,鹿児島県
1164,AREAS5422,種子島,AREAL5402,種子島・屋久島,AREAM5422,種子島,PREF46,鹿児島県
1165,AREAS5430,屋久島,AREAL5402,種子島・屋久島,AREAM5430,屋久島,PREF46,鹿児島県
1166,AREAS5432,奄美大島,AREAL5403,奄美大島・徳之島・与論,AREAM5432,奄美大島,PREF46,鹿児島県
1167,AREAS5409,徳之島・沖永良部・与論,AREAL5403,奄美大島・徳之島・与論,AREAM5409,徳之島・沖永良部・与論,PREF46,鹿児島県
1168,AREAS8102,国際通り・久茂地,AREAL8100,那覇,AREAM8102,那覇,PREF47,沖縄県
1169,AREAS8112,泉崎・壺川,AREAL8100,那覇,AREAM8102,那覇,PREF47,沖縄県
1170,AREAS8106,松山・久米・泊,AREAL8100,那覇,AREAM8102,那覇,PREF47,沖縄県
1171,AREAS8108,（那覇）新都心・おもろまち,AREAL8100,那覇,AREAM8102,那覇,PREF47,沖縄県
1172,AREAS8104,首里・識名,AREAL8100,那覇,AREAM8102,那覇,PREF47,沖縄県
1173,AREAS8110,那覇空港・小禄・国場,AREAL8100,那覇,AREAM8102,那覇,PREF47,沖縄県
1174,AREAS8406,国頭・大宜味,AREAL8400,名護・本島北部,AREAM8406,国頭・大宜味,PREF47,沖縄県
1175,AREAS8402,名護・宜野座,AREAL8400,名護・本島北部,AREAM8402,名護・宜野座,PREF47,沖縄県
1176,AREAS8404,本部・今帰仁,AREAL8400,名護・本島北部,AREAM8404,本部・今帰仁,PREF47,沖縄県
1177,AREAS8408,伊江島・伊是名・伊平屋,AREAL8400,名護・本島北部,AREAM8408,伊江島・伊是名・伊平屋,PREF47,沖縄県
1178,AREAS8302,恩納村・読谷,AREAL8200,恩納・北谷・本島中部,AREAM8302,恩納村・読谷・北谷,PREF47,沖縄県
1179,AREAS8252,北谷・嘉手納,AREAL8200,恩納・北谷・本島中部,AREAM8302,恩納村・読谷・北谷,PREF47,沖縄県
1180,AREAS8352,沖縄市・うるま市,AREAL8200,恩納・北谷・本島中部,AREAM8352,沖縄市・うるま市,PREF47,沖縄県
1181,AREAS8204,宜野湾・北中城・中城,AREAL8200,恩納・北谷・本島中部,AREAM8202,宜野湾・北中城・中城,PREF47,沖縄県
1182,AREAS8202,浦添,AREAL8200,恩納・北谷・本島中部,AREAM8603,浦添,PREF47,沖縄県
1183,AREAS8156,南風原・南城市・八重瀬,AREAL8150,糸満・本島南部,AREAM8156,南風原・南城市・八重瀬,PREF47,沖縄県
1184,AREAS8152,糸満・豊見城,AREAL8150,糸満・本島南部,AREAM8152,糸満・豊見城,PREF47,沖縄県
1185,AREAS8552,石垣島・西表島・与那国島,AREAL8450,沖縄離島,AREAM8552,石垣島・西表島・与那国島,PREF47,沖縄県
1186,AREAS8502,宮古島・伊良部島・多良間島,AREAL8450,沖縄離島,AREAM8502,宮古島・伊良部島・多良間島,PREF47,沖縄県
1187,AREAS8454,久米島・慶良間諸島,AREAL8450,沖縄離島,AREAM8454,久米島・慶良間諸島,PREF47,沖縄県
1188,AREAS8602,大東島,AREAL8450,沖縄離島,AREAM8602,大東島,PREF47,沖縄県
