,areacode_m,areaname_m,garea_large.areacode_l,garea_large.areaname_l,pref.pref_code,pref.pref_name
0,AREAM5502,札幌駅,AREAL5500,札幌駅・大通・すすきの,PREF01,北海道
1,AREAM5504,札幌大通・狸小路,AREAL5500,札幌駅・大通・すすきの,PREF01,北海道
2,AREAM5909,札幌すすきの,AREAL5500,札幌駅・大通・すすきの,PREF01,北海道
3,AREAM5910,電車通り,AREAL5500,札幌駅・大通・すすきの,PREF01,北海道
4,AREAM5522,円山公園・西18丁目・宮の森,AREAL5522,円山公園・西18丁目・宮の森,PREF01,北海道
5,AREAM5524,琴似・西区,AREAL5520,琴似・手稲,PREF01,北海道
6,AREAM5911,手稲区,AREAL5520,琴似・手稲,PREF01,北海道
7,AREAM5542,白石区,AREAL5540,白石・南郷・新さっぽろ,PREF01,北海道
8,AREAM5544,南郷・北郷,AREAL5540,白石・南郷・新さっぽろ,PREF01,北海道
9,AREAM5546,新さっぽろ・厚別区,AREAL5540,白石・南郷・新さっぽろ,PREF01,北海道
10,AREAM5562,豊平区（平岸・月寒）,AREAL5560,平岸・澄川・月寒・清田,PREF01,北海道
11,AREAM5914,南区（澄川・真駒内）,AREAL5560,平岸・澄川・月寒・清田,PREF01,北海道
12,AREAM5566,清田区,AREAL5560,平岸・澄川・月寒・清田,PREF01,北海道
13,AREAM5582,北区（北24条・麻生）,AREAL5580,北24条・麻生・元町・栄町,PREF01,北海道
14,AREAM5586,東区（元町・栄町）,AREAL5580,北24条・麻生・元町・栄町,PREF01,北海道
15,AREAM5800,旭川,AREAL5800,旭川・富良野・名寄,PREF01,北海道
16,AREAM5803,富良野・美瑛,AREAL5800,旭川・富良野・名寄,PREF01,北海道
17,AREAM5810,上川・和寒,AREAL5800,旭川・富良野・名寄,PREF01,北海道
18,AREAM5811,名寄・士別,AREAL5800,旭川・富良野・名寄,PREF01,北海道
19,AREAM5702,函館,AREAL5700,函館・松前・奥尻,PREF01,北海道
20,AREAM5704,七飯・松前・渡島,AREAL5700,函館・松前・奥尻,PREF01,北海道
21,AREAM5706,江差・奥尻・檜山,AREAL5700,函館・松前・奥尻,PREF01,北海道
22,AREAM5602,小樽,AREAL5600,小樽・ニセコ・積丹,PREF01,北海道
23,AREAM5710,ニセコ・倶知安,AREAL5600,小樽・ニセコ・積丹,PREF01,北海道
24,AREAM5605,余市・積丹,AREAL5600,小樽・ニセコ・積丹,PREF01,北海道
25,AREAM5607,島牧・寿都・黒松内,AREAL5600,小樽・ニセコ・積丹,PREF01,北海道
26,AREAM5915,石狩,AREAL5610,石狩・江別・千歳,PREF01,北海道
27,AREAM5604,江別・北広島・恵庭,AREAL5610,石狩・江別・千歳,PREF01,北海道
28,AREAM5606,千歳,AREAL5610,石狩・江別・千歳,PREF01,北海道
29,AREAM5708,苫小牧,AREAL5710,苫小牧・室蘭,PREF01,北海道
30,AREAM5912,室蘭,AREAL5710,苫小牧・室蘭,PREF01,北海道
31,AREAM5802,夕張・岩見沢,AREAL5802,夕張・岩見沢,PREF01,北海道
32,AREAM5804,羽幌・留萌,AREAL5804,羽幌・留萌,PREF01,北海道
33,AREAM5806,稚内・宗谷,AREAL5806,稚内・宗谷,PREF01,北海道
34,AREAM5712,日高・えりも,AREAL5712,日高・えりも,PREF01,北海道
35,AREAM5902,帯広・十勝,AREAL5902,帯広・十勝,PREF01,北海道
36,AREAM5904,釧路・阿寒,AREAL5900,釧路・阿寒,PREF01,北海道
37,AREAM5906,根室・中標津,AREAL5906,根室・中標津,PREF01,北海道
38,AREAM5908,網走,AREAL5908,網走,PREF01,北海道
39,AREAM5913,北見,AREAL5910,北見・紋別,PREF01,北海道
40,AREAM5916,紋別,AREAL5910,北見・紋別,PREF01,北海道
41,AREAM6202,仙台,AREAL6205,仙台市,PREF04,宮城県
42,AREAM6214,青葉区郊外,AREAL6205,仙台市,PREF04,宮城県
43,AREAM6222,泉区・泉中央・富谷,AREAL6205,仙台市,PREF04,宮城県
44,AREAM6232,長町・太白区,AREAL6205,仙台市,PREF04,宮城県
45,AREAM6240,宮城野区・若林区,AREAL6205,仙台市,PREF04,宮城県
46,AREAM6262,名取・沿岸南部,AREAL6260,名取・白石・宮城県南部,PREF04,宮城県
47,AREAM6266,大崎・古川・登米,AREAL6266,大崎・古川・登米,PREF04,宮城県
48,AREAM6268,白石・蔵王,AREAL6260,名取・白石・宮城県南部,PREF04,宮城県
49,AREAM6102,青森市,AREAL6100,青森市,PREF02,青森県
50,AREAM6104,弘前,AREAL6101,弘前・黒石・平川,PREF02,青森県
51,AREAM6105,黒石・平川,AREAL6101,弘前・黒石・平川,PREF02,青森県
52,AREAM6433,つがる・鰺ヶ沢・深浦,AREAL6103,つがる・鰺ヶ沢・深浦,PREF02,青森県
53,AREAM6106,五所川原・中泊,AREAL6104,五所川原・中泊,PREF02,青森県
54,AREAM6107,十和田,AREAL6105,十和田・七戸・東北町,PREF02,青森県
55,AREAM6108,七戸・東北町,AREAL6105,十和田・七戸・東北町,PREF02,青森県
56,AREAM6109,三沢,AREAL6106,三沢・三戸・五戸,PREF02,青森県
57,AREAM6110,三戸・五戸・おいらせ,AREAL6106,三沢・三戸・五戸,PREF02,青森県
58,AREAM6112,八戸,AREAL6102,八戸,PREF02,青森県
59,AREAM6434,むつ市・大間・野辺地,AREAL6107,むつ市・大間・野辺地,PREF02,青森県
60,AREAM6152,盛岡,AREAL6150,盛岡,PREF03,岩手県
61,AREAM6161,二戸,AREAL6151,二戸・八幡平・滝沢,PREF03,岩手県
62,AREAM6162,八幡平・滝沢・紫波,AREAL6151,二戸・八幡平・滝沢,PREF03,岩手県
63,AREAM6163,奥州・金ケ崎,AREAL6154,奥州・一関・平泉,PREF03,岩手県
64,AREAM6164,一関・平泉,AREAL6154,奥州・一関・平泉,PREF03,岩手県
65,AREAM6172,花巻,AREAL6152,花巻・北上・遠野,PREF03,岩手県
66,AREAM6174,北上・西和賀,AREAL6152,花巻・北上・遠野,PREF03,岩手県
67,AREAM6173,遠野,AREAL6152,花巻・北上・遠野,PREF03,岩手県
68,AREAM6181,洋野・久慈・普代,AREAL6153,三陸海岸沿岸部,PREF03,岩手県
69,AREAM6182,岩泉・宮古・山田,AREAL6153,三陸海岸沿岸部,PREF03,岩手県
70,AREAM6183,釜石・大槌,AREAL6153,三陸海岸沿岸部,PREF03,岩手県
71,AREAM6184,大船渡・陸前高田・住田,AREAL6153,三陸海岸沿岸部,PREF03,岩手県
72,AREAM6252,松島・利府,AREAL6250,松島・石巻・気仙沼,PREF04,宮城県
73,AREAM6254,塩釜・多賀城,AREAL6250,松島・石巻・気仙沼,PREF04,宮城県
74,AREAM6264,石巻,AREAL6250,松島・石巻・気仙沼,PREF04,宮城県
75,AREAM6435,気仙沼・南三陸,AREAL6250,松島・石巻・気仙沼,PREF04,宮城県
76,AREAM6302,秋田市,AREAL6300,秋田市,PREF05,秋田県
77,AREAM6312,能代・八峰・藤里,AREAL6301,能代・山本・男鹿,PREF05,秋田県
78,AREAM6303,男鹿・大潟・五城目,AREAL6301,能代・山本・男鹿,PREF05,秋田県
79,AREAM6304,由利本荘・にかほ,AREAL6303,由利本荘・にかほ,PREF05,秋田県
80,AREAM6305,北秋田・大館・鹿角,AREAL6304,北秋田・大館・鹿角,PREF05,秋田県
81,AREAM6306,仙北・大仙,AREAL6302,仙北・大仙・横手,PREF05,秋田県
82,AREAM6322,横手,AREAL6302,仙北・大仙・横手,PREF05,秋田県
83,AREAM6307,湯沢・羽後,AREAL6305,湯沢・羽後,PREF05,秋田県
84,AREAM6352,山形市,AREAL6350,山形市,PREF06,山形県
85,AREAM6362,米沢・高畠・南陽,AREAL6351,米沢・置賜,PREF06,山形県
86,AREAM6364,上山,AREAL6351,米沢・置賜,PREF06,山形県
87,AREAM6363,白鷹・長井・小国,AREAL6351,米沢・置賜,PREF06,山形県
88,AREAM6375,天童・東根・尾花沢,AREAL6353,天童・尾花沢・寒河江,PREF06,山形県
89,AREAM6374,寒河江・大江・朝日町,AREAL6353,天童・尾花沢・寒河江,PREF06,山形県
90,AREAM6376,新庄・最上,AREAL6354,新庄・最上,PREF06,山形県
91,AREAM6436,酒田・遊佐,AREAL6352,酒田・遊佐,PREF06,山形県
92,AREAM6372,鶴岡・庄内,AREAL6355,鶴岡・庄内,PREF06,山形県
93,AREAM6402,福島市,AREAL6400,福島市,PREF07,福島県
94,AREAM6403,二本松・本宮,AREAL6403,二本松・本宮,PREF07,福島県
95,AREAM6404,伊達・桑折・川俣,AREAL6404,伊達・桑折・川俣,PREF07,福島県
96,AREAM6437,郡山,AREAL6405,郡山,PREF07,福島県
97,AREAM6439,田村・小野・三春,AREAL6406,田村・小野・三春,PREF07,福島県
98,AREAM6440,須賀川・天栄,AREAL6407,須賀川・天栄,PREF07,福島県
99,AREAM6441,古殿・石川町・玉川村,AREAL6408,古殿・石川町・玉川村,PREF07,福島県
100,AREAM6438,白河・矢吹,AREAL6409,白河・矢吹,PREF07,福島県
101,AREAM6422,いわき,AREAL6401,いわき,PREF07,福島県
102,AREAM6423,浪江・大熊・広野,AREAL6410,浪江・大熊・広野,PREF07,福島県
103,AREAM6424,相馬・南相馬,AREAL6411,相馬・南相馬,PREF07,福島県
104,AREAM6432,会津若松,AREAL6402,会津若松・喜多方,PREF07,福島県
105,AREAM6425,猪苗代・北塩原,AREAL6402,会津若松・喜多方,PREF07,福島県
106,AREAM6426,喜多方,AREAL6402,会津若松・喜多方,PREF07,福島県
107,AREAM6427,下郷・南会津・只見,AREAL6412,下郷・南会津・只見,PREF07,福島県
108,AREAM2105,銀座,AREAL2101,銀座・有楽町・築地,PREF13,東京都
109,AREAM2107,新橋,AREAL2107,新橋・浜松町・田町,PREF13,東京都
110,AREAM2133,赤坂,AREAL2133,赤坂・六本木・麻布,PREF13,東京都
111,AREAM2136,虎ノ門,AREAL2107,新橋・浜松町・田町,PREF13,東京都
112,AREAM2172,浜松町・大門,AREAL2107,新橋・浜松町・田町,PREF13,東京都
113,AREAM2175,田町・三田,AREAL2107,新橋・浜松町・田町,PREF13,東京都
114,AREAM2187,飯田橋,AREAL2184,飯田橋・四ツ谷・神楽坂,PREF13,東京都
115,AREAM2192,神楽坂,AREAL2184,飯田橋・四ツ谷・神楽坂,PREF13,東京都
116,AREAM2309,宮崎台・鷺沼,AREAL2308,溝の口・たまプラーザ・青葉台,PREF14,神奈川県
117,AREAM2322,横浜駅,AREAL2322,横浜・東神奈川,PREF14,神奈川県
118,AREAM2340,横浜元町・山下公園,AREAL2336,みなとみらい・関内・中華街,PREF14,神奈川県
119,AREAM2364,たまプラーザ・あざみ野,AREAL2308,溝の口・たまプラーザ・青葉台,PREF14,神奈川県
120,AREAM2424,朝霞,AREAL2432,朝霞・川越・坂戸,PREF11,埼玉県
121,AREAM2434,川越,AREAL2432,朝霞・川越・坂戸,PREF11,埼玉県
122,AREAM2435,狭山,AREAL2452,所沢・入間・狭山,PREF11,埼玉県
123,AREAM2452,東松山・鶴ヶ島,AREAL2432,朝霞・川越・坂戸,PREF11,埼玉県
124,AREAM2542,柏,AREAL2542,柏・松戸・我孫子,PREF12,千葉県
125,AREAM2544,松戸,AREAL2542,柏・松戸・我孫子,PREF12,千葉県
126,AREAM2546,野田,AREAL2542,柏・松戸・我孫子,PREF12,千葉県
127,AREAM2548,我孫子,AREAL2542,柏・松戸・我孫子,PREF12,千葉県
128,AREAM2552,鎌ヶ谷,AREAL2542,柏・松戸・我孫子,PREF12,千葉県
129,AREAM2553,白井・印西,AREAL2562,成田・八千代・佐倉,PREF12,千葉県
130,AREAM2554,八千代・佐倉・四街道,AREAL2562,成田・八千代・佐倉,PREF12,千葉県
131,AREAM2556,木更津,AREAL2564,内房・外房・銚子,PREF12,千葉県
132,AREAM2558,茂原,AREAL2564,内房・外房・銚子,PREF12,千葉県
133,AREAM2560,東金・九十九里,AREAL2564,内房・外房・銚子,PREF12,千葉県
134,AREAM2562,成田・佐原,AREAL2562,成田・八千代・佐倉,PREF12,千葉県
135,AREAM2606,安中,AREAL2604,富岡・藤岡・安中,PREF10,群馬県
136,AREAM2607,藤岡・玉村,AREAL2604,富岡・藤岡・安中,PREF10,群馬県
137,AREAM2608,下仁田・上野村・神流町,AREAL2604,富岡・藤岡・安中,PREF10,群馬県
138,AREAM2609,富岡,AREAL2604,富岡・藤岡・安中,PREF10,群馬県
139,AREAM2614,伊勢崎,AREAL2605,伊勢崎,PREF10,群馬県
140,AREAM2810,牛久・龍ケ崎・阿見,AREAL2805,県南地域,PREF08,茨城県
141,AREAM2822,つくば,AREAL2802,つくば,PREF08,茨城県
142,AREAM2928,汐留,AREAL2107,新橋・浜松町・田町,PREF13,東京都
143,AREAM2929,芝公園・東京タワー周辺,AREAL2107,新橋・浜松町・田町,PREF13,東京都
144,AREAM2930,芝浦,AREAL2107,新橋・浜松町・田町,PREF13,東京都
145,AREAM2943,永田町,AREAL2133,赤坂・六本木・麻布,PREF13,東京都
146,AREAM3044,ふじみ野・上福岡,AREAL2432,朝霞・川越・坂戸,PREF11,埼玉県
147,AREAM3045,和光市,AREAL2432,朝霞・川越・坂戸,PREF11,埼玉県
148,AREAM3046,志木,AREAL2432,朝霞・川越・坂戸,PREF11,埼玉県
149,AREAM3047,坂戸,AREAL2432,朝霞・川越・坂戸,PREF11,埼玉県
150,AREAM3048,入間,AREAL2452,所沢・入間・狭山,PREF11,埼玉県
151,AREAM3054,流山,AREAL2542,柏・松戸・我孫子,PREF12,千葉県
152,AREAM3055,市原,AREAL2564,内房・外房・銚子,PREF12,千葉県
153,AREAM3056,館山,AREAL2564,内房・外房・銚子,PREF12,千葉県
154,AREAM3057,鴨川,AREAL2564,内房・外房・銚子,PREF12,千葉県
155,AREAM3058,勝浦,AREAL2564,内房・外房・銚子,PREF12,千葉県
156,AREAM3059,銚子,AREAL2564,内房・外房・銚子,PREF12,千葉県
157,AREAM3060,渋川・伊香保,AREAL2603,渋川・伊香保,PREF10,群馬県
158,AREAM3071,土浦,AREAL2805,県南地域,PREF08,茨城県
159,AREAM3072,守谷,AREAL2805,県南地域,PREF08,茨城県
160,AREAM3080,取手,AREAL2805,県南地域,PREF08,茨城県
161,AREAM2308,溝の口,AREAL2308,溝の口・たまプラーザ・青葉台,PREF14,神奈川県
162,AREAM2324,みなとみらい,AREAL2336,みなとみらい・関内・中華街,PREF14,神奈川県
163,AREAM2432,所沢,AREAL2452,所沢・入間・狭山,PREF11,埼玉県
164,AREAM2809,石岡・かすみがうら市,AREAL2805,県南地域,PREF08,茨城県
165,AREAM2106,有楽町・日比谷,AREAL2101,銀座・有楽町・築地,PREF13,東京都
166,AREAM2326,平沼,AREAL2322,横浜・東神奈川,PREF14,神奈川県
167,AREAM2956,九段下,AREAL2184,飯田橋・四ツ谷・神楽坂,PREF13,東京都
168,AREAM3018,桜木町,AREAL2336,みなとみらい・関内・中華街,PREF14,神奈川県
169,AREAM2109,築地,AREAL2101,銀座・有楽町・築地,PREF13,東京都
170,AREAM2328,浅間下,AREAL2322,横浜・東神奈川,PREF14,神奈川県
171,AREAM2332,関内・馬車道,AREAL2336,みなとみらい・関内・中華街,PREF14,神奈川県
172,AREAM2944,霞ヶ関,AREAL2133,赤坂・六本木・麻布,PREF13,東京都
173,AREAM2195,市ヶ谷,AREAL2184,飯田橋・四ツ谷・神楽坂,PREF13,東京都
174,AREAM2346,新子安・東神奈川,AREAL2322,横浜・東神奈川,PREF14,神奈川県
175,AREAM2927,月島,AREAL2101,銀座・有楽町・築地,PREF13,東京都
176,AREAM3019,伊勢佐木町・長者町,AREAL2336,みなとみらい・関内・中華街,PREF14,神奈川県
177,AREAM2336,横浜中華街,AREAL2336,みなとみらい・関内・中華街,PREF14,神奈川県
178,AREAM2365,青葉台,AREAL2308,溝の口・たまプラーザ・青葉台,PREF14,神奈川県
179,AREAM2394,三ツ沢・片倉,AREAL2322,横浜・東神奈川,PREF14,神奈川県
180,AREAM2945,神谷町,AREAL2133,赤坂・六本木・麻布,PREF13,東京都
181,AREAM2957,四谷（四ツ谷）,AREAL2184,飯田橋・四ツ谷・神楽坂,PREF13,東京都
182,AREAM2132,六本木,AREAL2133,赤坂・六本木・麻布,PREF13,東京都
183,AREAM2958,半蔵門・麹町,AREAL2184,飯田橋・四ツ谷・神楽坂,PREF13,東京都
184,AREAM2946,西麻布,AREAL2133,赤坂・六本木・麻布,PREF13,東京都
185,AREAM2959,信濃町,AREAL2184,飯田橋・四ツ谷・神楽坂,PREF13,東京都
186,AREAM2138,広尾,AREAL2133,赤坂・六本木・麻布,PREF13,東京都
187,AREAM3021,本牧・山手,AREAL2336,みなとみらい・関内・中華街,PREF14,神奈川県
188,AREAM2947,麻布十番,AREAL2133,赤坂・六本木・麻布,PREF13,東京都
189,AREAM2137,白金・白金台,AREAL2133,赤坂・六本木・麻布,PREF13,東京都
190,AREAM2115,新宿,AREAL2115,新宿・代々木,PREF13,東京都
191,AREAM2933,初台,AREAL2115,新宿・代々木,PREF13,東京都
192,AREAM2934,千駄ヶ谷,AREAL2115,新宿・代々木,PREF13,東京都
193,AREAM2122,大久保,AREAL2116,大久保・高田馬場,PREF13,東京都
194,AREAM2123,高田馬場,AREAL2116,大久保・高田馬場,PREF13,東京都
195,AREAM2935,早稲田,AREAL2116,大久保・高田馬場,PREF13,東京都
196,AREAM2126,渋谷,AREAL2125,渋谷・原宿・青山,PREF13,東京都
197,AREAM2129,原宿,AREAL2125,渋谷・原宿・青山,PREF13,東京都
198,AREAM2130,表参道・青山,AREAL2125,渋谷・原宿・青山,PREF13,東京都
199,AREAM2936,外苑前・青山一丁目,AREAL2125,渋谷・原宿・青山,PREF13,東京都
200,AREAM2157,池袋,AREAL2156,池袋・巣鴨・駒込,PREF13,東京都
201,AREAM2159,目白,AREAL2156,池袋・巣鴨・駒込,PREF13,東京都
202,AREAM2158,護国寺,AREAL2156,池袋・巣鴨・駒込,PREF13,東京都
203,AREAM2160,大塚,AREAL2156,池袋・巣鴨・駒込,PREF13,東京都
204,AREAM2937,巣鴨,AREAL2156,池袋・巣鴨・駒込,PREF13,東京都
205,AREAM2938,駒込,AREAL2156,池袋・巣鴨・駒込,PREF13,東京都
206,AREAM2939,白山,AREAL2156,池袋・巣鴨・駒込,PREF13,東京都
207,AREAM2141,丸の内,AREAL2141,東京駅・丸の内・日本橋,PREF13,東京都
208,AREAM2940,大手町,AREAL2141,東京駅・丸の内・日本橋,PREF13,東京都
209,AREAM2941,東京駅（八重洲）,AREAL2141,東京駅・丸の内・日本橋,PREF13,東京都
210,AREAM2143,日本橋,AREAL2141,東京駅・丸の内・日本橋,PREF13,東京都
211,AREAM2942,京橋,AREAL2141,東京駅・丸の内・日本橋,PREF13,東京都
212,AREAM2145,三越前,AREAL2141,東京駅・丸の内・日本橋,PREF13,東京都
213,AREAM2198,上野,AREAL2198,上野・浅草・日暮里,PREF13,東京都
214,AREAM2948,御徒町,AREAL2198,上野・浅草・日暮里,PREF13,東京都
215,AREAM2949,湯島,AREAL2198,上野・浅草・日暮里,PREF13,東京都
216,AREAM2205,浅草,AREAL2198,上野・浅草・日暮里,PREF13,東京都
217,AREAM2201,日暮里,AREAL2198,上野・浅草・日暮里,PREF13,東京都
218,AREAM2950,田端,AREAL2198,上野・浅草・日暮里,PREF13,東京都
219,AREAM2951,根津,AREAL2198,上野・浅草・日暮里,PREF13,東京都
220,AREAM2202,千駄木,AREAL2198,上野・浅草・日暮里,PREF13,東京都
221,AREAM2142,神田,AREAL2142,神田・秋葉原・水道橋,PREF13,東京都
222,AREAM2200,秋葉原,AREAL2142,神田・秋葉原・水道橋,PREF13,東京都
223,AREAM2184,御茶ノ水,AREAL2142,神田・秋葉原・水道橋,PREF13,東京都
224,AREAM2952,神保町,AREAL2142,神田・秋葉原・水道橋,PREF13,東京都
225,AREAM2953,水道橋,AREAL2142,神田・秋葉原・水道橋,PREF13,東京都
226,AREAM2954,小石川,AREAL2142,神田・秋葉原・水道橋,PREF13,東京都
227,AREAM2955,本郷,AREAL2142,神田・秋葉原・水道橋,PREF13,東京都
228,AREAM2169,品川,AREAL2169,品川・五反田・大崎,PREF13,東京都
229,AREAM2176,五反田,AREAL2169,品川・五反田・大崎,PREF13,東京都
230,AREAM2960,大崎,AREAL2169,品川・五反田・大崎,PREF13,東京都
231,AREAM2961,戸越銀座・旗の台,AREAL2169,品川・五反田・大崎,PREF13,東京都
232,AREAM2171,天王洲アイル周辺,AREAL2169,品川・五反田・大崎,PREF13,東京都
233,AREAM2113,お台場,AREAL2170,お台場・豊洲・湾岸,PREF13,東京都
234,AREAM2962,有明,AREAL2170,お台場・豊洲・湾岸,PREF13,東京都
235,AREAM2963,晴海,AREAL2170,お台場・豊洲・湾岸,PREF13,東京都
236,AREAM2111,豊洲,AREAL2170,お台場・豊洲・湾岸,PREF13,東京都
237,AREAM2178,恵比寿,AREAL2178,恵比寿・中目黒・目黒,PREF13,東京都
238,AREAM2964,代官山,AREAL2178,恵比寿・中目黒・目黒,PREF13,東京都
239,AREAM2181,中目黒,AREAL2178,恵比寿・中目黒・目黒,PREF13,東京都
240,AREAM2965,祐天寺,AREAL2178,恵比寿・中目黒・目黒,PREF13,東京都
241,AREAM2180,目黒,AREAL2178,恵比寿・中目黒・目黒,PREF13,東京都
242,AREAM2966,不動前・武蔵小山,AREAL2178,恵比寿・中目黒・目黒,PREF13,東京都
243,AREAM2164,自由が丘,AREAL2164,自由が丘・三軒茶屋・二子玉川,PREF13,東京都
244,AREAM2967,田園調布,AREAL2164,自由が丘・三軒茶屋・二子玉川,PREF13,東京都
245,AREAM2968,学芸大学,AREAL2164,自由が丘・三軒茶屋・二子玉川,PREF13,東京都
246,AREAM2166,三軒茶屋,AREAL2164,自由が丘・三軒茶屋・二子玉川,PREF13,東京都
247,AREAM2969,池尻大橋・三宿,AREAL2164,自由が丘・三軒茶屋・二子玉川,PREF13,東京都
248,AREAM2970,駒澤大学,AREAL2164,自由が丘・三軒茶屋・二子玉川,PREF13,東京都
249,AREAM2168,二子玉川・用賀,AREAL2164,自由が丘・三軒茶屋・二子玉川,PREF13,東京都
250,AREAM2207,下北沢,AREAL2207,下北沢・明大前・成城学園前,PREF13,東京都
251,AREAM2971,代々木上原,AREAL2207,下北沢・明大前・成城学園前,PREF13,東京都
252,AREAM2209,笹塚,AREAL2207,下北沢・明大前・成城学園前,PREF13,東京都
253,AREAM2972,明大前,AREAL2207,下北沢・明大前・成城学園前,PREF13,東京都
254,AREAM2973,高井戸,AREAL2207,下北沢・明大前・成城学園前,PREF13,東京都
255,AREAM2211,千歳烏山・仙川,AREAL2207,下北沢・明大前・成城学園前,PREF13,東京都
256,AREAM2215,豪徳寺・経堂,AREAL2207,下北沢・明大前・成城学園前,PREF13,東京都
257,AREAM2974,千歳船橋・成城学園前,AREAL2207,下北沢・明大前・成城学園前,PREF13,東京都
258,AREAM2975,喜多見・狛江,AREAL2207,下北沢・明大前・成城学園前,PREF13,東京都
259,AREAM2217,中野,AREAL2217,中野・吉祥寺・三鷹,PREF13,東京都
260,AREAM2976,荻窪,AREAL2217,中野・吉祥寺・三鷹,PREF13,東京都
261,AREAM2977,高円寺,AREAL2217,中野・吉祥寺・三鷹,PREF13,東京都
262,AREAM2978,方南町,AREAL2217,中野・吉祥寺・三鷹,PREF13,東京都
263,AREAM2979,落合,AREAL2217,中野・吉祥寺・三鷹,PREF13,東京都
264,AREAM2980,井荻,AREAL2217,中野・吉祥寺・三鷹,PREF13,東京都
265,AREAM2276,吉祥寺,AREAL2217,中野・吉祥寺・三鷹,PREF13,東京都
266,AREAM2981,三鷹,AREAL2217,中野・吉祥寺・三鷹,PREF13,東京都
267,AREAM2222,練馬,AREAL2222,練馬・江古田・田無,PREF13,東京都
268,AREAM2982,平和台,AREAL2222,練馬・江古田・田無,PREF13,東京都
269,AREAM2983,光が丘,AREAL2222,練馬・江古田・田無,PREF13,東京都
270,AREAM2984,大泉学園,AREAL2222,練馬・江古田・田無,PREF13,東京都
271,AREAM2985,江古田,AREAL2222,練馬・江古田・田無,PREF13,東京都
272,AREAM2986,上石神井,AREAL2222,練馬・江古田・田無,PREF13,東京都
273,AREAM2987,田無,AREAL2222,練馬・江古田・田無,PREF13,東京都
274,AREAM2282,東久留米,AREAL2222,練馬・江古田・田無,PREF13,東京都
275,AREAM2988,東村山,AREAL2222,練馬・江古田・田無,PREF13,東京都
276,AREAM2989,清瀬,AREAL2222,練馬・江古田・田無,PREF13,東京都
277,AREAM2228,錦糸町・住吉,AREAL2228,錦糸町・押上・新小岩,PREF13,東京都
278,AREAM2990,押上,AREAL2228,錦糸町・押上・新小岩,PREF13,東京都
279,AREAM2991,両国,AREAL2228,錦糸町・押上・新小岩,PREF13,東京都
280,AREAM2230,浅草橋,AREAL2228,錦糸町・押上・新小岩,PREF13,東京都
281,AREAM2992,亀戸,AREAL2228,錦糸町・押上・新小岩,PREF13,東京都
282,AREAM2993,新小岩,AREAL2228,錦糸町・押上・新小岩,PREF13,東京都
283,AREAM2232,小岩,AREAL2228,錦糸町・押上・新小岩,PREF13,東京都
284,AREAM2234,船堀・瑞江,AREAL2228,錦糸町・押上・新小岩,PREF13,東京都
285,AREAM2148,人形町・小伝馬町,AREAL2146,人形町・門前仲町・葛西,PREF13,東京都
286,AREAM2146,茅場町,AREAL2146,人形町・門前仲町・葛西,PREF13,東京都
287,AREAM2996,八丁堀,AREAL2146,人形町・門前仲町・葛西,PREF13,東京都
288,AREAM2149,門前仲町,AREAL2146,人形町・門前仲町・葛西,PREF13,東京都
289,AREAM2997,清澄白河,AREAL2146,人形町・門前仲町・葛西,PREF13,東京都
290,AREAM2998,木場,AREAL2146,人形町・門前仲町・葛西,PREF13,東京都
291,AREAM2999,東陽町,AREAL2146,人形町・門前仲町・葛西,PREF13,東京都
292,AREAM2153,南砂町・菊川,AREAL2146,人形町・門前仲町・葛西,PREF13,東京都
293,AREAM2237,西葛西・葛西,AREAL2146,人形町・門前仲町・葛西,PREF13,東京都
294,AREAM2239,新木場・葛西臨海公園,AREAL2146,人形町・門前仲町・葛西,PREF13,東京都
295,AREAM3000,南千住,AREAL2241,北千住・綾瀬・亀有,PREF13,東京都
296,AREAM2241,町屋,AREAL2241,北千住・綾瀬・亀有,PREF13,東京都
297,AREAM2243,北千住,AREAL2241,北千住・綾瀬・亀有,PREF13,東京都
298,AREAM3001,綾瀬,AREAL2241,北千住・綾瀬・亀有,PREF13,東京都
299,AREAM3002,西新井,AREAL2241,北千住・綾瀬・亀有,PREF13,東京都
300,AREAM3003,金町,AREAL2241,北千住・綾瀬・亀有,PREF13,東京都
301,AREAM3004,亀有・青砥,AREAL2241,北千住・綾瀬・亀有,PREF13,東京都
302,AREAM2250,板橋,AREAL2250,板橋・成増・赤羽,PREF13,東京都
303,AREAM3005,成増,AREAL2250,板橋・成増・赤羽,PREF13,東京都
304,AREAM3006,高島平,AREAL2250,板橋・成増・赤羽,PREF13,東京都
305,AREAM2248,赤羽,AREAL2250,板橋・成増・赤羽,PREF13,東京都
306,AREAM3007,王子,AREAL2250,板橋・成増・赤羽,PREF13,東京都
307,AREAM2254,大井町,AREAL2254,大井町・大森・蒲田,PREF13,東京都
308,AREAM3008,大森,AREAL2254,大井町・大森・蒲田,PREF13,東京都
309,AREAM2255,蒲田,AREAL2254,大井町・大森・蒲田,PREF13,東京都
310,AREAM3009,羽田,AREAL2254,大井町・大森・蒲田,PREF13,東京都
311,AREAM3010,池上・洗足池,AREAL2254,大井町・大森・蒲田,PREF13,東京都
312,AREAM2273,府中,AREAL2273,府中・調布,PREF13,東京都
313,AREAM3011,稲城,AREAL2273,府中・調布,PREF13,東京都
314,AREAM3012,調布,AREAL2273,府中・調布,PREF13,東京都
315,AREAM3078,聖蹟桜ヶ丘,AREAL2273,府中・調布,PREF13,東京都
316,AREAM3013,多摩センター,AREAL2923,町田・多摩,PREF13,東京都
317,AREAM2294,町田,AREAL2923,町田・多摩,PREF13,東京都
318,AREAM3077,鶴川,AREAL2923,町田・多摩,PREF13,東京都
319,AREAM2278,小金井,AREAL2278,小金井・国分寺・国立,PREF13,東京都
320,AREAM2279,小平,AREAL2278,小金井・国分寺・国立,PREF13,東京都
321,AREAM2280,国分寺,AREAL2278,小金井・国分寺・国立,PREF13,東京都
322,AREAM2281,国立,AREAL2278,小金井・国分寺・国立,PREF13,東京都
323,AREAM2286,立川,AREAL2286,立川・八王子・青梅,PREF13,東京都
324,AREAM3014,昭島,AREAL2286,立川・八王子・青梅,PREF13,東京都
325,AREAM2288,八王子,AREAL2286,立川・八王子・青梅,PREF13,東京都
326,AREAM3015,日野,AREAL2286,立川・八王子・青梅,PREF13,東京都
327,AREAM2290,青梅・小作,AREAL2286,立川・八王子・青梅,PREF13,東京都
328,AREAM3016,福生,AREAL2286,立川・八王子・青梅,PREF13,東京都
329,AREAM3017,あきる野,AREAL2286,立川・八王子・青梅,PREF13,東京都
330,AREAM2295,伊豆諸島・小笠原諸島,AREAL2295,伊豆諸島・小笠原諸島,PREF13,東京都
331,AREAM2302,川崎,AREAL2302,川崎・鶴見,PREF14,神奈川県
332,AREAM2348,鶴見,AREAL2302,川崎・鶴見,PREF14,神奈川県
333,AREAM2310,武蔵小杉・元住吉,AREAL2310,武蔵小杉・日吉・綱島,PREF14,神奈川県
334,AREAM2356,日吉・綱島,AREAL2310,武蔵小杉・日吉・綱島,PREF14,神奈川県
335,AREAM2398,白楽・反町,AREAL2310,武蔵小杉・日吉・綱島,PREF14,神奈川県
336,AREAM2354,新横浜,AREAL2354,新横浜・センター南・鴨居,PREF14,神奈川県
337,AREAM2358,センター北・南,AREAL2354,新横浜・センター南・鴨居,PREF14,神奈川県
338,AREAM2900,鴨居・十日市場,AREAL2354,新横浜・センター南・鴨居,PREF14,神奈川県
339,AREAM2360,上大岡・弘明寺,AREAL2360,上大岡・金沢文庫・新杉田,PREF14,神奈川県
340,AREAM3022,港南台・洋光台,AREAL2360,上大岡・金沢文庫・新杉田,PREF14,神奈川県
341,AREAM2362,磯子・新杉田,AREAL2360,上大岡・金沢文庫・新杉田,PREF14,神奈川県
342,AREAM3023,金沢文庫・八景島,AREAL2360,上大岡・金沢文庫・新杉田,PREF14,神奈川県
343,AREAM2372,横須賀・追浜,AREAL2372,横須賀・久里浜・三浦半島,PREF14,神奈川県
344,AREAM3024,久里浜・浦賀,AREAL2372,横須賀・久里浜・三浦半島,PREF14,神奈川県
345,AREAM3025,秋谷・大楠,AREAL2372,横須賀・久里浜・三浦半島,PREF14,神奈川県
346,AREAM2910,三浦,AREAL2372,横須賀・久里浜・三浦半島,PREF14,神奈川県
347,AREAM3027,葉山,AREAL2372,横須賀・久里浜・三浦半島,PREF14,神奈川県
348,AREAM2366,戸塚・東戸塚,AREAL2352,戸塚・東戸塚,PREF14,神奈川県
349,AREAM2374,鎌倉,AREAL2374,鎌倉・大船・逗子,PREF14,神奈川県
350,AREAM3026,逗子,AREAL2374,鎌倉・大船・逗子,PREF14,神奈川県
351,AREAM3028,大船,AREAL2374,鎌倉・大船・逗子,PREF14,神奈川県
352,AREAM2914,藤沢,AREAL2375,藤沢・茅ヶ崎・平塚,PREF14,神奈川県
353,AREAM3029,辻堂,AREAL2375,藤沢・茅ヶ崎・平塚,PREF14,神奈川県
354,AREAM3075,江ノ島・鵠沼,AREAL2375,藤沢・茅ヶ崎・平塚,PREF14,神奈川県
355,AREAM3076,湘南台・善行,AREAL2375,藤沢・茅ヶ崎・平塚,PREF14,神奈川県
356,AREAM2376,茅ヶ崎・寒川,AREAL2375,藤沢・茅ヶ崎・平塚,PREF14,神奈川県
357,AREAM2378,平塚,AREAL2375,藤沢・茅ヶ崎・平塚,PREF14,神奈川県
358,AREAM3030,大磯・二宮,AREAL2375,藤沢・茅ヶ崎・平塚,PREF14,神奈川県
359,AREAM3031,登戸・向ヶ丘遊園,AREAL2294,登戸・向ヶ丘遊園・新百合ヶ丘,PREF14,神奈川県
360,AREAM2306,新百合ヶ丘,AREAL2294,登戸・向ヶ丘遊園・新百合ヶ丘,PREF14,神奈川県
361,AREAM2352,保土ヶ谷・星川,AREAL2350,大和・中央林間・二俣川,PREF14,神奈川県
362,AREAM2350,二俣川,AREAL2350,大和・中央林間・二俣川,PREF14,神奈川県
363,AREAM2912,いずみ野・立場,AREAL2350,大和・中央林間・二俣川,PREF14,神奈川県
364,AREAM3035,大和・座間,AREAL2350,大和・中央林間・二俣川,PREF14,神奈川県
365,AREAM3036,中央林間・鶴間,AREAL2350,大和・中央林間・二俣川,PREF14,神奈川県
366,AREAM3032,相模大野,AREAL2293,相模大野・橋本・相模湖,PREF14,神奈川県
367,AREAM2384,橋本・相模原・古淵,AREAL2293,相模大野・橋本・相模湖,PREF14,神奈川県
368,AREAM2382,相模湖・津久井,AREAL2293,相模大野・橋本・相模湖,PREF14,神奈川県
369,AREAM3033,本厚木・厚木,AREAL2296,本厚木・海老名,PREF14,神奈川県
370,AREAM3034,海老名,AREAL2296,本厚木・海老名,PREF14,神奈川県
371,AREAM2922,秦野・渋沢・大井松田,AREAL2922,伊勢原・秦野・渋沢,PREF14,神奈川県
372,AREAM2924,愛甲石田・伊勢原,AREAL2922,伊勢原・秦野・渋沢,PREF14,神奈川県
373,AREAM2380,小田原・南足柄,AREAL2380,小田原・箱根・湯河原,PREF14,神奈川県
374,AREAM2392,箱根,AREAL2380,小田原・箱根・湯河原,PREF14,神奈川県
375,AREAM3037,強羅,AREAL2380,小田原・箱根・湯河原,PREF14,神奈川県
376,AREAM2926,湯河原・真鶴,AREAL2380,小田原・箱根・湯河原,PREF14,神奈川県
377,AREAM2402,大宮,AREAL2402,大宮・さいたま新都心,PREF11,埼玉県
378,AREAM2404,さいたま新都心・与野,AREAL2402,大宮・さいたま新都心,PREF11,埼玉県
379,AREAM2406,さいたま市北部,AREAL2402,大宮・さいたま新都心,PREF11,埼玉県
380,AREAM2410,浦和,AREAL2408,浦和,PREF11,埼玉県
381,AREAM2422,川口・東川口,AREAL2422,川口・蕨・戸田,PREF11,埼玉県
382,AREAM3042,蕨,AREAL2422,川口・蕨・戸田,PREF11,埼玉県
383,AREAM2470,戸田・戸田公園,AREAL2422,川口・蕨・戸田,PREF11,埼玉県
384,AREAM3079,越谷,AREAL2428,越谷・草加・春日部,PREF11,埼玉県
385,AREAM2428,草加,AREAL2428,越谷・草加・春日部,PREF11,埼玉県
386,AREAM2429,三郷・八潮,AREAL2428,越谷・草加・春日部,PREF11,埼玉県
387,AREAM2430,春日部,AREAL2428,越谷・草加・春日部,PREF11,埼玉県
388,AREAM3043,岩槻,AREAL2428,越谷・草加・春日部,PREF11,埼玉県
389,AREAM2454,飯能・日高,AREAL2453,秩父・長瀞・飯能,PREF11,埼玉県
390,AREAM2456,秩父・長瀞,AREAL2453,秩父・長瀞・飯能,PREF11,埼玉県
391,AREAM2426,上尾・蓮田,AREAL2442,上尾・熊谷・久喜,PREF11,埼玉県
392,AREAM2446,桶川・鴻巣,AREAL2442,上尾・熊谷・久喜,PREF11,埼玉県
393,AREAM2442,熊谷・行田,AREAL2442,上尾・熊谷・久喜,PREF11,埼玉県
394,AREAM3049,本庄・深谷,AREAL2442,上尾・熊谷・久喜,PREF11,埼玉県
395,AREAM2448,久喜・加須,AREAL2442,上尾・熊谷・久喜,PREF11,埼玉県
396,AREAM2502,千葉駅・蘇我,AREAL2502,千葉・幕張,PREF12,千葉県
397,AREAM2504,幕張,AREAL2502,千葉・幕張,PREF12,千葉県
398,AREAM3050,稲毛,AREAL2502,千葉・幕張,PREF12,千葉県
399,AREAM2508,海浜幕張,AREAL2502,千葉・幕張,PREF12,千葉県
400,AREAM2506,都賀・鎌取,AREAL2502,千葉・幕張,PREF12,千葉県
401,AREAM3051,本八幡,AREAL2524,市川・船橋・津田沼,PREF12,千葉県
402,AREAM2524,市川,AREAL2524,市川・船橋・津田沼,PREF12,千葉県
403,AREAM2530,船橋・西船橋,AREAL2524,市川・船橋・津田沼,PREF12,千葉県
404,AREAM2532,津田沼,AREAL2524,市川・船橋・津田沼,PREF12,千葉県
405,AREAM3052,北習志野,AREAL2524,市川・船橋・津田沼,PREF12,千葉県
406,AREAM3053,舞浜,AREAL2526,舞浜・浦安・行徳,PREF12,千葉県
407,AREAM2526,浦安,AREAL2526,舞浜・浦安・行徳,PREF12,千葉県
408,AREAM2528,南船橋・新習志野,AREAL2526,舞浜・浦安・行徳,PREF12,千葉県
409,AREAM2522,行徳・原木,AREAL2526,舞浜・浦安・行徳,PREF12,千葉県
410,AREAM2612,高崎,AREAL2601,高崎,PREF10,群馬県
411,AREAM3061,前橋,AREAL2607,前橋,PREF10,群馬県
412,AREAM2615,桐生・みどり市,AREAL2606,桐生・みどり市,PREF10,群馬県
413,AREAM3062,太田,AREAL2608,太田・館林・大泉,PREF10,群馬県
414,AREAM2616,館林・大泉・明和,AREAL2608,太田・館林・大泉,PREF10,群馬県
415,AREAM2602,草津,AREAL2600,草津・東吾妻・嬬恋,PREF10,群馬県
416,AREAM2603,東吾妻・中之条・高山,AREAL2600,草津・東吾妻・嬬恋,PREF10,群馬県
417,AREAM2604,嬬恋・長野原,AREAL2600,草津・東吾妻・嬬恋,PREF10,群馬県
418,AREAM2605,沼田・みなかみ・片品,AREAL2602,沼田・みなかみ・片品,PREF10,群馬県
419,AREAM3063,宇都宮,AREAL2700,宇都宮,PREF09,栃木県
420,AREAM2712,小山・下野,AREAL2703,小山・下野,PREF09,栃木県
421,AREAM2717,真岡,AREAL2704,真岡・益子・芳賀,PREF09,栃木県
422,AREAM2718,益子・市貝・芳賀,AREAL2704,真岡・益子・芳賀,PREF09,栃木県
423,AREAM2719,鹿沼,AREAL2705,鹿沼・栃木市・壬生,PREF09,栃木県
424,AREAM3066,栃木市・壬生,AREAL2705,鹿沼・栃木市・壬生,PREF09,栃木県
425,AREAM3064,佐野,AREAL2701,佐野,PREF09,栃木県
426,AREAM3065,足利,AREAL2706,足利,PREF09,栃木県
427,AREAM2722,日光,AREAL2702,日光・鬼怒川,PREF09,栃木県
428,AREAM3068,鬼怒川,AREAL2702,日光・鬼怒川,PREF09,栃木県
429,AREAM2720,さくら市・高根沢,AREAL2707,さくら市・高根沢,PREF09,栃木県
430,AREAM2721,那須烏山・那珂川,AREAL2708,那須烏山・那珂川,PREF09,栃木県
431,AREAM3067,那須塩原・塩原温泉,AREAL2709,那須塩原・大田原・矢板,PREF09,栃木県
432,AREAM2723,黒磯,AREAL2709,那須塩原・大田原・矢板,PREF09,栃木県
433,AREAM2724,那須町・那須高原,AREAL2709,那須塩原・大田原・矢板,PREF09,栃木県
434,AREAM2725,大田原,AREAL2709,那須塩原・大田原・矢板,PREF09,栃木県
435,AREAM2726,矢板・塩谷,AREAL2709,那須塩原・大田原・矢板,PREF09,栃木県
436,AREAM2812,水戸,AREAL2800,水戸,PREF08,茨城県
437,AREAM2804,笠間・城里,AREAL2804,笠間・大洗,PREF08,茨城県
438,AREAM2805,小美玉・茨城町,AREAL2804,笠間・大洗,PREF08,茨城県
439,AREAM2806,大洗,AREAL2804,笠間・大洗,PREF08,茨城県
440,AREAM3069,ひたちなか・勝田,AREAL2801,ひたちなか・日立・常陸大宮,PREF08,茨城県
441,AREAM3070,那珂・東海村,AREAL2801,ひたちなか・日立・常陸大宮,PREF08,茨城県
442,AREAM2802,日立,AREAL2801,ひたちなか・日立・常陸大宮,PREF08,茨城県
443,AREAM2803,高萩・北茨城,AREAL2801,ひたちなか・日立・常陸大宮,PREF08,茨城県
444,AREAM2808,常陸太田,AREAL2801,ひたちなか・日立・常陸大宮,PREF08,茨城県
445,AREAM2807,常陸大宮・大子,AREAL2801,ひたちなか・日立・常陸大宮,PREF08,茨城県
446,AREAM3073,古河,AREAL2806,県西地域,PREF08,茨城県
447,AREAM3074,筑西・結城・桜川,AREAL2806,県西地域,PREF08,茨城県
448,AREAM2811,下妻・坂東・常総,AREAL2806,県西地域,PREF08,茨城県
449,AREAM2832,鹿嶋・潮来,AREAL2803,鹿行地域,PREF08,茨城県
450,AREAM2813,鉾田・行方,AREAL2803,鹿行地域,PREF08,茨城県
451,AREAM6606,燕市・弥彦,AREAL6607,燕市・三条市,PREF15,新潟県
452,AREAM6622,長岡,AREAL6602,長岡・見附・小千谷,PREF15,新潟県
453,AREAM6624,三条市・燕三条・加茂,AREAL6607,燕市・三条市,PREF15,新潟県
454,AREAM6625,見附,AREAL6602,長岡・見附・小千谷,PREF15,新潟県
455,AREAM6623,小千谷,AREAL6602,長岡・見附・小千谷,PREF15,新潟県
456,AREAM6602,新潟市中央区,AREAL6600,新潟市,PREF15,新潟県
457,AREAM6601,新潟市江南区・秋葉区・南区,AREAL6600,新潟市,PREF15,新潟県
458,AREAM6603,新潟市西区,AREAL6600,新潟市,PREF15,新潟県
459,AREAM6604,新潟市西蒲区,AREAL6600,新潟市,PREF15,新潟県
460,AREAM6607,新潟市東区・北区,AREAL6600,新潟市,PREF15,新潟県
461,AREAM6612,村上・関川,AREAL6604,村上・関川,PREF15,新潟県
462,AREAM6925,新発田・胎内,AREAL6601,新発田・胎内,PREF15,新潟県
463,AREAM6605,五泉・阿賀野・阿賀,AREAL6605,五泉・阿賀野・阿賀,PREF15,新潟県
464,AREAM6608,魚沼,AREAL6608,魚沼,PREF15,新潟県
465,AREAM6609,十日町・津南,AREAL6609,十日町・津南,PREF15,新潟県
466,AREAM6610,南魚沼・湯沢,AREAL6610,南魚沼・湯沢,PREF15,新潟県
467,AREAM6926,柏崎,AREAL6611,柏崎,PREF15,新潟県
468,AREAM6615,糸魚川,AREAL6615,糸魚川,PREF15,新潟県
469,AREAM6632,上越市,AREAL6613,上越市,PREF15,新潟県
470,AREAM6614,妙高,AREAL6614,妙高,PREF15,新潟県
471,AREAM6642,佐渡,AREAL6603,佐渡,PREF15,新潟県
472,AREAM6702,富山市,AREAL6700,富山市,PREF16,富山県
473,AREAM6703,立山・上市,AREAL6703,立山・上市,PREF16,富山県
474,AREAM6711,滑川・魚津,AREAL6701,滑川・魚津・黒部,PREF16,富山県
475,AREAM6712,黒部・入善・朝日町,AREAL6701,滑川・魚津・黒部,PREF16,富山県
476,AREAM6722,高岡,AREAL6702,高岡,PREF16,富山県
477,AREAM6704,砺波・南砺,AREAL6704,砺波・南砺,PREF16,富山県
478,AREAM6705,射水,AREAL6705,射水,PREF16,富山県
479,AREAM6706,小矢部,AREAL6706,小矢部,PREF16,富山県
480,AREAM6927,氷見,AREAL6707,氷見,PREF16,富山県
481,AREAM6930,金沢,AREAL6800,金沢・野々市・かほく,PREF17,石川県
482,AREAM6806,野々市,AREAL6800,金沢・野々市・かほく,PREF17,石川県
483,AREAM6805,かほく・津幡・内灘,AREAL6800,金沢・野々市・かほく,PREF17,石川県
484,AREAM6822,七尾・和倉温泉・羽咋,AREAL6802,能登・和倉温泉・輪島,PREF17,石川県
485,AREAM6832,輪島・珠洲・穴水,AREAL6802,能登・和倉温泉・輪島,PREF17,石川県
486,AREAM6812,加賀・小松,AREAL6801,加賀・小松・白山,PREF17,石川県
487,AREAM6842,白山・松任,AREAL6801,加賀・小松・白山,PREF17,石川県
488,AREAM6902,福井市,AREAL6900,福井市,PREF18,福井県
489,AREAM6913,勝山,AREAL6903,奥越,PREF18,福井県
490,AREAM6914,大野,AREAL6903,奥越,PREF18,福井県
491,AREAM6912,坂井・あわら・永平寺,AREAL6904,坂井・あわら・永平寺,PREF18,福井県
492,AREAM6917,鯖江・越前町,AREAL6901,鯖江・越前市・南越前,PREF18,福井県
493,AREAM6916,越前市,AREAL6901,鯖江・越前市・南越前,PREF18,福井県
494,AREAM6915,南越前・池田町,AREAL6901,鯖江・越前市・南越前,PREF18,福井県
495,AREAM6922,敦賀・若狭・美浜,AREAL6902,敦賀・若狭・美浜,PREF18,福井県
496,AREAM6928,小浜,AREAL6905,小浜,PREF18,福井県
497,AREAM4102,名駅,AREAL4102,名古屋駅,PREF23,愛知県
498,AREAM4262,守山区,AREAL4262,大曽根・北区・西区,PREF23,愛知県
499,AREAM4264,北区,AREAL4262,大曽根・北区・西区,PREF23,愛知県
500,AREAM4266,西区,AREAL4262,大曽根・北区・西区,PREF23,愛知県
501,AREAM4302,一宮,AREAL4301,一宮・江南,PREF23,愛知県
502,AREAM4303,小牧,AREAL4302,春日井・小牧,PREF23,愛知県
503,AREAM4837,大曽根,AREAL4262,大曽根・北区・西区,PREF23,愛知県
504,AREAM4841,江南,AREAL4301,一宮・江南,PREF23,愛知県
505,AREAM4842,春日井,AREAL4302,春日井・小牧,PREF23,愛知県
506,AREAM4843,犬山,AREAL4302,春日井・小牧,PREF23,愛知県
507,AREAM4875,初生・高丘周辺,AREAL4832,浜松・浜名湖,PREF22,静岡県
508,AREAM4876,幸・住吉・上島周辺,AREAL4832,浜松・浜名湖,PREF22,静岡県
509,AREAM4877,その他浜松市,AREAL4832,浜松・浜名湖,PREF22,静岡県
510,AREAM4836,浜松駅周辺,AREAL4832,浜松・浜名湖,PREF22,静岡県
511,AREAM4108,その他の中村区,AREAL4102,名古屋駅,PREF23,愛知県
512,AREAM4874,浜北,AREAL4832,浜松・浜名湖,PREF22,静岡県
513,AREAM4835,浜松市天竜区,AREAL4832,浜松・浜名湖,PREF22,静岡県
514,AREAM4868,浜名湖・湖西,AREAL4832,浜松・浜名湖,PREF22,静岡県
515,AREAM4122,栄周辺,AREAL4122,栄周辺,PREF23,愛知県
516,AREAM4142,丸の内・市役所,AREAL4142,（名古屋）伏見・丸の内,PREF23,愛知県
517,AREAM4144,（名古屋）伏見,AREAL4142,（名古屋）伏見・丸の内,PREF23,愛知県
518,AREAM4162,新栄・CBC,AREAL4162,新栄・CBC・東区,PREF23,愛知県
519,AREAM4166,白壁・東区役所,AREAL4162,新栄・CBC・東区,PREF23,愛知県
520,AREAM4182,金山・東別院,AREAL4182,金山・大須・熱田区,PREF23,愛知県
521,AREAM4184,大須・上前津・鶴舞,AREAL4182,金山・大須・熱田区,PREF23,愛知県
522,AREAM4186,熱田区,AREAL4182,金山・大須・熱田区,PREF23,愛知県
523,AREAM4202,千種・今池・池下,AREAL4202,千種区・名東区,PREF23,愛知県
524,AREAM4204,覚王山・東山公園,AREAL4202,千種区・名東区,PREF23,愛知県
525,AREAM4206,星ヶ丘・一社,AREAL4202,千種区・名東区,PREF23,愛知県
526,AREAM4208,名東区・藤が丘,AREAL4202,千種区・名東区,PREF23,愛知県
527,AREAM4222,天白区,AREAL4222,昭和区・瑞穂区・天白区,PREF23,愛知県
528,AREAM4224,瑞穂区,AREAL4222,昭和区・瑞穂区・天白区,PREF23,愛知県
529,AREAM4226,昭和区,AREAL4222,昭和区・瑞穂区・天白区,PREF23,愛知県
530,AREAM4242,中川区,AREAL4242,中川区・港区・南区・緑区,PREF23,愛知県
531,AREAM4244,緑区,AREAL4242,中川区・港区・南区・緑区,PREF23,愛知県
532,AREAM4246,港区,AREAL4242,中川区・港区・南区・緑区,PREF23,愛知県
533,AREAM4248,南区,AREAL4242,中川区・港区・南区・緑区,PREF23,愛知県
534,AREAM4272,豊田,AREAL4271,豊田,PREF23,愛知県
535,AREAM4838,岡崎,AREAL4272,岡崎・刈谷・安城,PREF23,愛知県
536,AREAM4274,刈谷,AREAL4272,岡崎・刈谷・安城,PREF23,愛知県
537,AREAM4839,安城,AREAL4272,岡崎・刈谷・安城,PREF23,愛知県
538,AREAM4840,西三河,AREAL4272,岡崎・刈谷・安城,PREF23,愛知県
539,AREAM4844,尾張旭,AREAL4304,尾張・長久手・日進,PREF23,愛知県
540,AREAM4304,長久手・日進,AREAL4304,尾張・長久手・日進,PREF23,愛知県
541,AREAM4845,稲沢,AREAL4306,稲沢・津島・あま市,PREF23,愛知県
542,AREAM4306,津島・あま市,AREAL4306,稲沢・津島・あま市,PREF23,愛知県
543,AREAM4312,大府・東海,AREAL4312,大府・東海・知多半島,PREF23,愛知県
544,AREAM4846,常滑・知多半島,AREAL4312,大府・東海・知多半島,PREF23,愛知県
545,AREAM4847,半田,AREAL4312,大府・東海・知多半島,PREF23,愛知県
546,AREAM4322,蒲郡・東三河,AREAL4322,蒲郡・東三河・豊橋,PREF23,愛知県
547,AREAM4288,豊橋,AREAL4322,蒲郡・東三河・豊橋,PREF23,愛知県
548,AREAM4502,岐阜市,AREAL4500,岐阜市,PREF21,岐阜県
549,AREAM4504,各務原,AREAL4501,各務原・大垣・羽島,PREF21,岐阜県
550,AREAM4506,大垣・海津,AREAL4501,各務原・大垣・羽島,PREF21,岐阜県
551,AREAM4503,羽島,AREAL4501,各務原・大垣・羽島,PREF21,岐阜県
552,AREAM4505,本巣・池田・揖斐川,AREAL4501,各務原・大垣・羽島,PREF21,岐阜県
553,AREAM4507,可児・美濃加茂・白川,AREAL4504,可児・美濃加茂・関,PREF21,岐阜県
554,AREAM4512,関・美濃,AREAL4504,可児・美濃加茂・関,PREF21,岐阜県
555,AREAM4508,郡上,AREAL4504,可児・美濃加茂・関,PREF21,岐阜県
556,AREAM4510,多治見,AREAL4502,多治見・瑞浪・中津川,PREF21,岐阜県
557,AREAM4511,瑞浪,AREAL4502,多治見・瑞浪・中津川,PREF21,岐阜県
558,AREAM4509,中津川・恵那,AREAL4502,多治見・瑞浪・中津川,PREF21,岐阜県
559,AREAM4522,飛騨・高山,AREAL4503,飛騨・高山,PREF21,岐阜県
560,AREAM4848,下呂,AREAL4505,下呂,PREF21,岐阜県
561,AREAM4602,四日市,AREAL4600,四日市,PREF24,三重県
562,AREAM4849,桑名・いなべ,AREAL4602,桑名・いなべ,PREF24,三重県
563,AREAM4850,鈴鹿,AREAL4603,鈴鹿,PREF24,三重県
564,AREAM4605,亀山,AREAL4605,亀山・伊賀・名張,PREF24,三重県
565,AREAM4609,伊賀,AREAL4605,亀山・伊賀・名張,PREF24,三重県
566,AREAM4610,名張,AREAL4605,亀山・伊賀・名張,PREF24,三重県
567,AREAM4604,津,AREAL4604,津・松阪,PREF24,三重県
568,AREAM4608,松阪,AREAL4604,津・松阪,PREF24,三重県
569,AREAM4611,明和・玉城,AREAL4601,伊勢・鳥羽・志摩,PREF24,三重県
570,AREAM4612,伊勢,AREAL4601,伊勢・鳥羽・志摩,PREF24,三重県
571,AREAM4852,鳥羽・志摩,AREAL4601,伊勢・鳥羽・志摩,PREF24,三重県
572,AREAM4607,熊野・御浜・紀宝,AREAL4606,熊野・尾鷲・大紀,PREF24,三重県
573,AREAM4606,尾鷲・大紀・大台,AREAL4606,熊野・尾鷲・大紀,PREF24,三重県
574,AREAM4702,長野市,AREAL4700,長野・須坂・信濃,PREF20,長野県
575,AREAM4703,須坂・小布施,AREAL4700,長野・須坂・信濃,PREF20,長野県
576,AREAM4701,信濃・飯綱,AREAL4700,長野・須坂・信濃,PREF20,長野県
577,AREAM4704,千曲・坂城,AREAL4704,千曲・坂城,PREF20,長野県
578,AREAM4853,飯山・中野・志賀高原,AREAL4705,飯山・中野・志賀高原,PREF20,長野県
579,AREAM4732,軽井沢,AREAL4732,軽井沢,PREF20,長野県
580,AREAM4707,小諸・御代田,AREAL4707,小諸・御代田,PREF20,長野県
581,AREAM4854,上田・東御・長和,AREAL4701,上田・東御・長和,PREF20,長野県
582,AREAM4855,佐久・小海・川上,AREAL4708,佐久・小海・川上,PREF20,長野県
583,AREAM4712,松本,AREAL4702,松本,PREF20,長野県
584,AREAM4709,白馬・大町,AREAL4709,白馬・大町,PREF20,長野県
585,AREAM4710,安曇野・筑北,AREAL4710,安曇野・筑北,PREF20,長野県
586,AREAM4711,塩尻・山形村,AREAL4711,塩尻・山形村,PREF20,長野県
587,AREAM4708,木曽・大桑・南木曽,AREAL4712,木曽・大桑・南木曽,PREF20,長野県
588,AREAM4722,岡谷・諏訪・茅野,AREAL4703,岡谷・諏訪・茅野,PREF20,長野県
589,AREAM4713,伊那・箕輪・辰野,AREAL4713,伊那・箕輪・辰野,PREF20,長野県
590,AREAM4714,駒ケ根・飯島・中川,AREAL4714,駒ケ根・飯島・中川,PREF20,長野県
591,AREAM4715,飯田・大鹿・根羽,AREAL4715,飯田・大鹿・根羽,PREF20,長野県
592,AREAM4762,甲府,AREAL4751,甲府,PREF19,山梨県
593,AREAM4763,甲州・山梨市・笛吹,AREAL4752,甲州・山梨市・笛吹,PREF19,山梨県
594,AREAM4766,早川・身延・南部町,AREAL4753,早川・身延・南部町,PREF19,山梨県
595,AREAM4764,甲斐・韮崎・南アルプス,AREAL4754,甲斐・韮崎・南アルプス,PREF19,山梨県
596,AREAM4765,大月・上野原・都留,AREAL4755,大月・上野原・都留,PREF19,山梨県
597,AREAM4752,河口湖・富士吉田・山中湖,AREAL4750,河口湖・富士吉田・山中湖,PREF19,山梨県
598,AREAM4808,熱海,AREAL4800,熱海・伊豆・下田,PREF22,静岡県
599,AREAM4807,函南,AREAL4800,熱海・伊豆・下田,PREF22,静岡県
600,AREAM4858,伊豆の国,AREAL4800,熱海・伊豆・下田,PREF22,静岡県
601,AREAM4857,修善寺,AREAL4800,熱海・伊豆・下田,PREF22,静岡県
602,AREAM4856,伊豆,AREAL4800,熱海・伊豆・下田,PREF22,静岡県
603,AREAM4802,伊東,AREAL4800,熱海・伊豆・下田,PREF22,静岡県
604,AREAM4806,下田・東伊豆,AREAL4800,熱海・伊豆・下田,PREF22,静岡県
605,AREAM4859,西伊豆・南伊豆,AREAL4800,熱海・伊豆・下田,PREF22,静岡県
606,AREAM4812,三島,AREAL4812,三島・沼津・御殿場,PREF22,静岡県
607,AREAM4816,沼津,AREAL4812,三島・沼津・御殿場,PREF22,静岡県
608,AREAM4861,裾野,AREAL4812,三島・沼津・御殿場,PREF22,静岡県
609,AREAM4860,御殿場,AREAL4812,三島・沼津・御殿場,PREF22,静岡県
610,AREAM4818,富士市,AREAL4842,富士市・富士宮,PREF22,静岡県
611,AREAM4862,富士宮,AREAL4842,富士市・富士宮,PREF22,静岡県
612,AREAM4826,静岡,AREAL4822,静岡・清水,PREF22,静岡県
613,AREAM4827,清水,AREAL4822,静岡・清水,PREF22,静岡県
614,AREAM4822,藤枝,AREAL4851,島田・藤枝・焼津,PREF22,静岡県
615,AREAM4863,焼津,AREAL4851,島田・藤枝・焼津,PREF22,静岡県
616,AREAM4871,牧之原・吉田,AREAL4851,島田・藤枝・焼津,PREF22,静岡県
617,AREAM4864,島田,AREAL4851,島田・藤枝・焼津,PREF22,静岡県
618,AREAM4872,川根本町,AREAL4851,島田・藤枝・焼津,PREF22,静岡県
619,AREAM4870,御前崎,AREAL4852,磐田・袋井・掛川,PREF22,静岡県
620,AREAM4865,菊川,AREAL4852,磐田・袋井・掛川,PREF22,静岡県
621,AREAM4832,掛川,AREAL4852,磐田・袋井・掛川,PREF22,静岡県
622,AREAM4866,袋井,AREAL4852,磐田・袋井・掛川,PREF22,静岡県
623,AREAM4867,磐田,AREAL4852,磐田・袋井・掛川,PREF22,静岡県
624,AREAM4873,森町,AREAL4852,磐田・袋井・掛川,PREF22,静岡県
625,AREAM3162,心斎橋,AREAL3162,心斎橋,PREF27,大阪府
626,AREAM3182,淀屋橋,AREAL3182,淀屋橋・本町・北浜,PREF27,大阪府
627,AREAM3184,北浜,AREAL3182,淀屋橋・本町・北浜,PREF27,大阪府
628,AREAM3186,肥後橋,AREAL3182,淀屋橋・本町・北浜,PREF27,大阪府
629,AREAM3188,本町・堺筋本町,AREAL3182,淀屋橋・本町・北浜,PREF27,大阪府
630,AREAM3190,阿波座・京町堀,AREAL3182,淀屋橋・本町・北浜,PREF27,大阪府
631,AREAM3306,守口,AREAL3305,京阪エリア,PREF27,大阪府
632,AREAM3307,枚方・交野,AREAL3305,京阪エリア,PREF27,大阪府
633,AREAM3308,大東・四條畷,AREAL3305,京阪エリア,PREF27,大阪府
634,AREAM3309,八尾,AREAL3306,東大阪・八尾,PREF27,大阪府
635,AREAM3312,堺,AREAL3310,堺・なかもず,PREF27,大阪府
636,AREAM3313,なかもず・深井・北野田,AREAL3310,堺・なかもず,PREF27,大阪府
637,AREAM3414,四条烏丸・烏丸御池,AREAL3414,烏丸・大宮,PREF26,京都府
638,AREAM3416,西院,AREAL3413,西院・桂・長岡京,PREF26,京都府
639,AREAM3432,桂・西京極,AREAL3413,西院・桂・長岡京,PREF26,京都府
640,AREAM3434,嵐山,AREAL3432,嵐山・嵯峨野,PREF26,京都府
641,AREAM3442,伏見・醍醐,AREAL3442,伏見・山科・宇治,PREF26,京都府
642,AREAM3462,向日・長岡京,AREAL3413,西院・桂・長岡京,PREF26,京都府
643,AREAM3464,八幡・京田辺,AREAL3442,伏見・山科・宇治,PREF26,京都府
644,AREAM3481,舞鶴・宮津・京丹後,AREAL3438,大原・京都北部,PREF26,京都府
645,AREAM3482,福知山・綾部,AREAL3438,大原・京都北部,PREF26,京都府
646,AREAM3483,亀岡,AREAL3438,大原・京都北部,PREF26,京都府
647,AREAM3611,大和高田,AREAL3605,大和高田・橿原,PREF29,奈良県
648,AREAM3612,橿原,AREAL3605,大和高田・橿原,PREF29,奈良県
649,AREAM3704,栗東,AREAL3700,草津・栗東,PREF25,滋賀県
650,AREAM3709,野洲,AREAL3704,守山・野洲,PREF25,滋賀県
651,AREAM3712,草津・南草津,AREAL3700,草津・栗東,PREF25,滋賀県
652,AREAM3824,茶屋町・中崎町,AREAL3102,梅田・北新地,PREF27,大阪府
653,AREAM3840,門真,AREAL3305,京阪エリア,PREF27,大阪府
654,AREAM3841,寝屋川,AREAL3305,京阪エリア,PREF27,大阪府
655,AREAM3842,東大阪,AREAL3306,東大阪・八尾,PREF27,大阪府
656,AREAM3843,四条大宮,AREAL3414,烏丸・大宮,PREF26,京都府
657,AREAM3845,嵯峨野・太秦,AREAL3432,嵐山・嵯峨野,PREF26,京都府
658,AREAM3847,宇治,AREAL3442,伏見・山科・宇治,PREF26,京都府
659,AREAM3848,山科,AREAL3442,伏見・山科・宇治,PREF26,京都府
660,AREAM3866,守山,AREAL3704,守山・野洲,PREF25,滋賀県
661,AREAM3102,梅田・大阪駅,AREAL3102,梅田・北新地,PREF27,大阪府
662,AREAM3438,大原・鞍馬・貴船,AREAL3438,大原・京都北部,PREF26,京都府
663,AREAM3108,北新地,AREAL3102,梅田・北新地,PREF27,大阪府
664,AREAM3826,西梅田,AREAL3102,梅田・北新地,PREF27,大阪府
665,AREAM3112,東通り・堂山,AREAL3102,梅田・北新地,PREF27,大阪府
666,AREAM3113,東梅田・お初天神・太融寺,AREAL3102,梅田・北新地,PREF27,大阪府
667,AREAM3118,（大阪）福島・野田・中之島,AREAL3102,梅田・北新地,PREF27,大阪府
668,AREAM3144,なんば（難波）,AREAL3142,難波・道頓堀,PREF27,大阪府
669,AREAM3150,（大阪）日本橋,AREAL3142,難波・道頓堀,PREF27,大阪府
670,AREAM3146,芦原・今宮,AREAL3142,難波・道頓堀,PREF27,大阪府
671,AREAM3208,西天満,AREAL3206,天満・天神橋筋・南森町,PREF27,大阪府
672,AREAM3830,南森町,AREAL3206,天満・天神橋筋・南森町,PREF27,大阪府
673,AREAM3206,天満・天神橋筋,AREAL3206,天満・天神橋筋・南森町,PREF27,大阪府
674,AREAM3204,天満橋,AREAL3208,天満橋・谷町四丁目,PREF27,大阪府
675,AREAM3202,谷町・谷町四丁目,AREAL3208,天満橋・谷町四丁目,PREF27,大阪府
676,AREAM3222,鶴橋,AREAL3223,鶴橋・上本町,PREF27,大阪府
677,AREAM3831,上本町,AREAL3223,鶴橋・上本町,PREF27,大阪府
678,AREAM3224,（大阪）京橋,AREAL3222,京橋・OBP,PREF27,大阪府
679,AREAM3326,鶴見・都島,AREAL3222,京橋・OBP,PREF27,大阪府
680,AREAM3242,九条,AREAL3242,ユニバーサルシティ・大阪南港・九条,PREF27,大阪府
681,AREAM3246,天保山・弁天町・USJ,AREAL3242,ユニバーサルシティ・大阪南港・九条,PREF27,大阪府
682,AREAM3244,大阪南港,AREAL3242,ユニバーサルシティ・大阪南港・九条,PREF27,大阪府
683,AREAM3248,大正・住之江,AREAL3242,ユニバーサルシティ・大阪南港・九条,PREF27,大阪府
684,AREAM3264,天王寺・阿倍野,AREAL3264,天王寺・新世界・住吉,PREF27,大阪府
685,AREAM3262,新世界,AREAL3264,天王寺・新世界・住吉,PREF27,大阪府
686,AREAM3270,天下茶屋・西成,AREAL3264,天王寺・新世界・住吉,PREF27,大阪府
687,AREAM3266,住吉,AREAL3264,天王寺・新世界・住吉,PREF27,大阪府
688,AREAM3268,生野・平野,AREAL3264,天王寺・新世界・住吉,PREF27,大阪府
689,AREAM3282,新大阪駅,AREAL3282,新大阪・西中島・十三,PREF27,大阪府
690,AREAM3288,西中島南方,AREAL3282,新大阪・西中島・十三,PREF27,大阪府
691,AREAM3284,十三・淀川,AREAL3282,新大阪・西中島・十三,PREF27,大阪府
692,AREAM3286,上新庄・東淀川,AREAL3282,新大阪・西中島・十三,PREF27,大阪府
693,AREAM3834,千里中央,AREAL3302,江坂・千里中央・豊中,PREF27,大阪府
694,AREAM3835,豊中,AREAL3302,江坂・千里中央・豊中,PREF27,大阪府
695,AREAM3864,池田・阪急石橋,AREAL3302,江坂・千里中央・豊中,PREF27,大阪府
696,AREAM3836,箕面・能勢,AREAL3302,江坂・千里中央・豊中,PREF27,大阪府
697,AREAM3302,江坂,AREAL3302,江坂・千里中央・豊中,PREF27,大阪府
698,AREAM3322,吹田・摂津,AREAL3302,江坂・千里中央・豊中,PREF27,大阪府
699,AREAM3304,茨木,AREAL3304,茨木・高槻,PREF27,大阪府
700,AREAM3839,高槻,AREAL3304,茨木・高槻,PREF27,大阪府
701,AREAM3310,松原・藤井寺・河内長野,AREAL3308,松原・藤井寺・河内長野,PREF27,大阪府
702,AREAM3314,岸和田・和泉・泉佐野,AREAL3314,岸和田・和泉・泉佐野,PREF27,大阪府
703,AREAM3402,四条河原町周辺・寺町,AREAL3402,河原町・木屋町・先斗町,PREF26,京都府
704,AREAM3418,木屋町・先斗町,AREAL3402,河原町・木屋町・先斗町,PREF26,京都府
705,AREAM3413,二条城,AREAL3412,京都御所・西陣・二条城,PREF26,京都府
706,AREAM3844,京都御所・西陣,AREAL3412,京都御所・西陣・二条城,PREF26,京都府
707,AREAM3404,京都駅,AREAL3404,京都駅・南区,PREF26,京都府
708,AREAM3406,七条・丹波口,AREAL3404,京都駅・南区,PREF26,京都府
709,AREAM3408,東寺・東福寺,AREAL3404,京都駅・南区,PREF26,京都府
710,AREAM3410,吉祥院・鳥羽,AREAL3404,京都駅・南区,PREF26,京都府
711,AREAM3422,祇園,AREAL3422,祇園・岡崎・清水寺,PREF26,京都府
712,AREAM3423,円山公園・高台寺・清水寺,AREAL3422,祇園・岡崎・清水寺,PREF26,京都府
713,AREAM3424,岡崎・平安神宮・南禅寺,AREAL3422,祇園・岡崎・清水寺,PREF26,京都府
714,AREAM3436,銀閣寺・北白川・出町柳,AREAL3436,金閣寺・北山・銀閣寺,PREF26,京都府
715,AREAM3444,上賀茂・北山（京都）,AREAL3436,金閣寺・北山・銀閣寺,PREF26,京都府
716,AREAM3446,金閣寺・衣笠,AREAL3436,金閣寺・北山・銀閣寺,PREF26,京都府
717,AREAM3502,三宮,AREAL3502,三宮・元町,PREF28,兵庫県
718,AREAM3506,新神戸・北野・異人館,AREAL3502,三宮・元町,PREF28,兵庫県
719,AREAM3508,神戸元町・トアロード,AREAL3502,三宮・元町,PREF28,兵庫県
720,AREAM3849,南京町・旧居留地,AREAL3502,三宮・元町,PREF28,兵庫県
721,AREAM3850,神戸,AREAL3512,神戸,PREF28,兵庫県
722,AREAM3851,六甲,AREAL3518,灘・東灘,PREF28,兵庫県
723,AREAM3518,王子・灘,AREAL3518,灘・東灘,PREF28,兵庫県
724,AREAM3520,住吉,AREAL3518,灘・東灘,PREF28,兵庫県
725,AREAM3852,御影,AREAL3518,灘・東灘,PREF28,兵庫県
726,AREAM3853,岡本・本山,AREAL3518,灘・東灘,PREF28,兵庫県
727,AREAM3524,須磨,AREAL3524,須磨・垂水・舞子,PREF28,兵庫県
728,AREAM3525,垂水,AREAL3524,須磨・垂水・舞子,PREF28,兵庫県
729,AREAM3578,神戸市北区・有馬温泉,AREAL3578,神戸市北区・有馬・三田,PREF28,兵庫県
730,AREAM3576,三田,AREAL3578,神戸市北区・有馬・三田,PREF28,兵庫県
731,AREAM3854,ハーバーランド,AREAL3542,神戸ベイエリア,PREF28,兵庫県
732,AREAM3542,メリケンパーク,AREAL3542,神戸ベイエリア,PREF28,兵庫県
733,AREAM3544,ポートアイランド,AREAL3542,神戸ベイエリア,PREF28,兵庫県
734,AREAM3865,六甲アイランド,AREAL3542,神戸ベイエリア,PREF28,兵庫県
735,AREAM3570,西宮,AREAL3570,西宮・芦屋,PREF28,兵庫県
736,AREAM3574,芦屋,AREAL3570,西宮・芦屋,PREF28,兵庫県
737,AREAM3572,夙川,AREAL3570,西宮・芦屋,PREF28,兵庫県
738,AREAM3568,甲子園,AREAL3570,西宮・芦屋,PREF28,兵庫県
739,AREAM3566,尼崎,AREAL3562,尼崎・伊丹・宝塚,PREF28,兵庫県
740,AREAM3562,宝塚,AREAL3562,尼崎・伊丹・宝塚,PREF28,兵庫県
741,AREAM3855,伊丹,AREAL3562,尼崎・伊丹・宝塚,PREF28,兵庫県
742,AREAM3564,川西,AREAL3562,尼崎・伊丹・宝塚,PREF28,兵庫県
743,AREAM3582,加古川,AREAL3582,姫路・加古川,PREF28,兵庫県
744,AREAM3856,西脇,AREAL3582,姫路・加古川,PREF28,兵庫県
745,AREAM3584,姫路,AREAL3582,姫路・加古川,PREF28,兵庫県
746,AREAM3857,赤穂,AREAL3582,姫路・加古川,PREF28,兵庫県
747,AREAM3588,淡路島,AREAL3588,淡路島,PREF28,兵庫県
748,AREAM3587,明石,AREAL3587,明石・神戸市西区,PREF28,兵庫県
749,AREAM3589,三木・小野,AREAL3587,明石・神戸市西区,PREF28,兵庫県
750,AREAM3526,神戸市西区,AREAL3587,明石・神戸市西区,PREF28,兵庫県
751,AREAM3590,丹波・城崎,AREAL3586,丹波・城崎北部,PREF28,兵庫県
752,AREAM3602,奈良市,AREAL3601,奈良市・大和郡山・天理,PREF29,奈良県
753,AREAM3859,大和郡山,AREAL3601,奈良市・大和郡山・天理,PREF29,奈良県
754,AREAM3607,天理,AREAL3601,奈良市・大和郡山・天理,PREF29,奈良県
755,AREAM3603,桜井・宇陀,AREAL3603,桜井・宇陀,PREF29,奈良県
756,AREAM3858,生駒,AREAL3602,生駒,PREF29,奈良県
757,AREAM3604,王寺・広陵・香芝,AREAL3604,王寺・広陵・香芝,PREF29,奈良県
758,AREAM3622,吉野・五條・十津川,AREAL3600,吉野・五條・十津川,PREF29,奈良県
759,AREAM3606,曽爾・川上・下北山,AREAL3606,曽爾・川上・下北山,PREF29,奈良県
760,AREAM3860,近江八幡,AREAL3703,近江八幡,PREF25,滋賀県
761,AREAM3705,甲賀・湖南,AREAL3705,甲賀・湖南,PREF25,滋賀県
762,AREAM3706,東近江・日野,AREAL3706,東近江・日野,PREF25,滋賀県
763,AREAM3702,大津市南部,AREAL3701,大津市,PREF25,滋賀県
764,AREAM3711,大津市北部,AREAL3701,大津市,PREF25,滋賀県
765,AREAM3707,高島,AREAL3707,高島,PREF25,滋賀県
766,AREAM3722,長浜・米原,AREAL3708,長浜・米原,PREF25,滋賀県
767,AREAM3861,彦根・多賀・愛荘,AREAL3702,彦根・多賀・愛荘,PREF25,滋賀県
768,AREAM3802,和歌山市,AREAL3800,和歌山市,PREF30,和歌山県
769,AREAM3862,海南,AREAL3804,海南,PREF30,和歌山県
770,AREAM3812,岩出・紀の川・橋本,AREAL3803,岩出・紀の川・橋本,PREF30,和歌山県
771,AREAM3811,有田・湯浅・みなべ,AREAL3801,有田・湯浅・みなべ,PREF30,和歌山県
772,AREAM3822,田辺・白浜・すさみ,AREAL3805,田辺・白浜・すさみ,PREF30,和歌山県
773,AREAM3863,新宮・串本,AREAL3802,新宮・串本,PREF30,和歌山県
774,AREAM7202,岡山市,AREAL7200,岡山市,PREF33,岡山県
775,AREAM7231,美咲,AREAL7203,津山・美咲,PREF33,岡山県
776,AREAM7232,津山,AREAL7203,津山・美咲,PREF33,岡山県
777,AREAM7303,広島市,AREAL7300,広島市,PREF34,広島県
778,AREAM7320,廿日市市・大竹市,AREAL7315,廿日市市・大竹市・宮島,PREF34,広島県
779,AREAM7312,宮島,AREAL7315,廿日市市・大竹市・宮島,PREF34,広島県
780,AREAM7322,西条・東広島,AREAL7322,東広島・呉・竹原,PREF34,広島県
781,AREAM7433,竹原,AREAL7322,東広島・呉・竹原,PREF34,広島県
782,AREAM7323,呉,AREAL7322,東広島・呉・竹原,PREF34,広島県
783,AREAM7332,福山・府中,AREAL7332,福山・尾道・三原,PREF34,広島県
784,AREAM7333,尾道,AREAL7332,福山・尾道・三原,PREF34,広島県
785,AREAM7434,三原,AREAL7332,福山・尾道・三原,PREF34,広島県
786,AREAM7342,庄原・神石,AREAL7342,県北・三次,PREF34,広島県
787,AREAM7343,三次・世羅,AREAL7342,県北・三次,PREF34,広島県
788,AREAM7344,安芸高田・山県郡,AREAL7342,県北・三次,PREF34,広島県
789,AREAM7212,倉敷,AREAL7201,倉敷,PREF33,岡山県
790,AREAM7222,赤磐・瀬戸内・備前,AREAL7202,赤磐・瀬戸内・備前,PREF33,岡山県
791,AREAM7242,井原・笠岡・浅口,AREAL7204,井原・笠岡・浅口,PREF33,岡山県
792,AREAM7252,総社・高梁・吉備中央,AREAL7205,総社・高梁・吉備中央,PREF33,岡山県
793,AREAM7262,美作・奈義・勝央,AREAL7206,美作・奈義・勝央,PREF33,岡山県
794,AREAM7272,新見・真庭,AREAL7207,新見・真庭,PREF33,岡山県
795,AREAM7437,下関,AREAL7403,下関,PREF35,山口県
796,AREAM7432,宇部,AREAL7408,宇部・山陽小野田,PREF35,山口県
797,AREAM7427,山陽小野田,AREAL7408,宇部・山陽小野田,PREF35,山口県
798,AREAM7422,萩,AREAL7402,萩・美祢,PREF35,山口県
799,AREAM7426,美祢,AREAL7402,萩・美祢,PREF35,山口県
800,AREAM7425,長門,AREAL7407,長門,PREF35,山口県
801,AREAM7412,山口市,AREAL7401,山口市,PREF35,山口県
802,AREAM7435,防府,AREAL7405,防府,PREF35,山口県
803,AREAM7436,周南,AREAL7406,周南・下松,PREF35,山口県
804,AREAM7424,下松,AREAL7406,周南・下松,PREF35,山口県
805,AREAM7402,岩国,AREAL7400,岩国,PREF35,山口県
806,AREAM7423,光市・柳井・周防大島,AREAL7404,光市・柳井・周防大島,PREF35,山口県
807,AREAM7152,松江,AREAL7150,松江,PREF32,島根県
808,AREAM7438,出雲,AREAL7153,出雲,PREF32,島根県
809,AREAM7154,雲南・飯南・奥出雲,AREAL7154,雲南・飯南・奥出雲,PREF32,島根県
810,AREAM7155,安来,AREAL7155,安来,PREF32,島根県
811,AREAM7156,大田・美郷・邑南,AREAL7156,大田・美郷・邑南,PREF32,島根県
812,AREAM7172,浜田・江津,AREAL7152,浜田・江津,PREF32,島根県
813,AREAM7157,津和野・益田・吉賀,AREAL7157,津和野・益田・吉賀,PREF32,島根県
814,AREAM7162,隠岐,AREAL7151,隠岐,PREF32,島根県
815,AREAM7102,鳥取市,AREAL7100,鳥取市,PREF31,鳥取県
816,AREAM7132,八頭・若桜・智頭,AREAL7102,八頭・若桜・智頭,PREF31,鳥取県
817,AREAM7112,倉吉・湯梨浜・琴浦,AREAL7101,倉吉・湯梨浜・琴浦,PREF31,鳥取県
818,AREAM7103,米子,AREAL7103,米子,PREF31,鳥取県
819,AREAM7104,境港,AREAL7104,境港,PREF31,鳥取県
820,AREAM7105,大山・伯耆・南部,AREAL7105,大山・伯耆・南部,PREF31,鳥取県
821,AREAM7106,日南・日野・江府,AREAL7106,日南・日野・江府,PREF31,鳥取県
822,AREAM7803,伊予・砥部,AREAL7803,伊予・砥部,PREF38,愛媛県
823,AREAM7812,今治,AREAL7805,今治,PREF38,愛媛県
824,AREAM7821,鬼北,AREAL7802,鬼北・宇和島・愛南,PREF38,愛媛県
825,AREAM7822,宇和島,AREAL7802,鬼北・宇和島・愛南,PREF38,愛媛県
826,AREAM7602,徳島市,AREAL7600,徳島市,PREF36,徳島県
827,AREAM7603,美馬・吉野川・石井,AREAL7602,美馬・吉野川・石井,PREF36,徳島県
828,AREAM7604,三好,AREAL7603,三好,PREF36,徳島県
829,AREAM7605,小松島,AREAL7604,小松島,PREF36,徳島県
830,AREAM7923,鳴門,AREAL7923,鳴門,PREF36,徳島県
831,AREAM7925,阿波,AREAL7924,阿波,PREF36,徳島県
832,AREAM7612,阿南,AREAL7601,阿南,PREF36,徳島県
833,AREAM7607,那賀・勝浦,AREAL7607,那賀・勝浦,PREF36,徳島県
834,AREAM7608,美波・牟岐・海陽,AREAL7608,美波・牟岐・海陽,PREF36,徳島県
835,AREAM7802,松山,AREAL7800,松山,PREF38,愛媛県
836,AREAM7804,久万高原・東温,AREAL7804,久万高原・東温,PREF38,愛媛県
837,AREAM7805,西条,AREAL7801,西条・新居浜・四国中央,PREF38,愛媛県
838,AREAM7924,新居浜,AREAL7801,西条・新居浜・四国中央,PREF38,愛媛県
839,AREAM7806,四国中央,AREAL7801,西条・新居浜・四国中央,PREF38,愛媛県
840,AREAM7807,八幡浜・大洲・西予,AREAL7806,八幡浜・大洲・西予,PREF38,愛媛県
841,AREAM7702,高松,AREAL7700,高松,PREF37,香川県
842,AREAM7712,三木・さぬき・東かがわ,AREAL7701,三木・さぬき・東かがわ,PREF37,香川県
843,AREAM7703,三豊・観音寺,AREAL7704,三豊・観音寺,PREF37,香川県
844,AREAM7722,坂出,AREAL7702,坂出・丸亀・善通寺,PREF37,香川県
845,AREAM7704,丸亀,AREAL7702,坂出・丸亀・善通寺,PREF37,香川県
846,AREAM7705,多度津・善通寺・琴平,AREAL7702,坂出・丸亀・善通寺,PREF37,香川県
847,AREAM7706,綾川・まんのう,AREAL7702,坂出・丸亀・善通寺,PREF37,香川県
848,AREAM7732,小豆島・直島,AREAL7703,小豆島・直島,PREF37,香川県
849,AREAM7912,高知市,AREAL7901,高知市,PREF39,高知県
850,AREAM7903,南国・香南・香美,AREAL7903,南国・香南・香美,PREF39,高知県
851,AREAM7904,大豊・本山・土佐町,AREAL7904,大豊・本山・土佐町,PREF39,高知県
852,AREAM7914,土佐・須崎・いの町,AREAL7905,土佐・須崎・いの町,PREF39,高知県
853,AREAM7906,仁淀川・越知・佐川,AREAL7906,仁淀川・越知・佐川,PREF39,高知県
854,AREAM7902,安芸・室戸,AREAL7900,安芸・室戸,PREF39,高知県
855,AREAM7907,梼原・津野・四万十町,AREAL7907,梼原・津野・四万十町,PREF39,高知県
856,AREAM7922,四万十市・土佐清水,AREAL7902,四万十市・土佐清水,PREF39,高知県
857,AREAM7908,宿毛,AREAL7908,宿毛,PREF39,高知県
858,AREAM5012,天神,AREAL5010,天神・親富孝,PREF40,福岡県
859,AREAM5014,大名,AREAL5011,大名・赤坂・今泉,PREF40,福岡県
860,AREAM5016,赤坂,AREAL5011,大名・赤坂・今泉,PREF40,福岡県
861,AREAM5022,今泉,AREAL5011,大名・赤坂・今泉,PREF40,福岡県
862,AREAM5024,警固,AREAL5020,警固・薬院,PREF40,福岡県
863,AREAM5026,薬院,AREAL5020,警固・薬院,PREF40,福岡県
864,AREAM5032,親富孝,AREAL5010,天神・親富孝,PREF40,福岡県
865,AREAM5042,博多,AREAL5040,博多,PREF40,福岡県
866,AREAM5072,高宮・野間,AREAL5070,福岡市南区・大橋,PREF40,福岡県
867,AREAM5076,平尾・清川,AREAL5020,警固・薬院,PREF40,福岡県
868,AREAM5092,百道・藤崎,AREAL5090,西新・百道,PREF40,福岡県
869,AREAM5094,ヤフードーム周辺,AREAL5090,西新・百道,PREF40,福岡県
870,AREAM5096,西新,AREAL5090,西新・百道,PREF40,福岡県
871,AREAM5098,福岡市早良区,AREAL5091,福岡市早良区,PREF40,福岡県
872,AREAM5136,八幡西区・東区,AREAL5130,北九州,PREF40,福岡県
873,AREAM5137,その他北九州市,AREAL5130,北九州,PREF40,福岡県
874,AREAM5144,久留米,AREAL5151,久留米,PREF40,福岡県
875,AREAM5434,太宰府・二日市,AREAL5154,春日・太宰府・筑紫野,PREF40,福岡県
876,AREAM5435,柳川,AREAL5435,大牟田・柳川,PREF40,福岡県
877,AREAM5436,大牟田,AREAL5435,大牟田・柳川,PREF40,福岡県
878,AREAM5074,大橋,AREAL5070,福岡市南区・大橋,PREF40,福岡県
879,AREAM5131,小倉北区,AREAL5130,北九州,PREF40,福岡県
880,AREAM5142,大野城・春日,AREAL5154,春日・太宰府・筑紫野,PREF40,福岡県
881,AREAM5086,その他南区,AREAL5070,福岡市南区・大橋,PREF40,福岡県
882,AREAM5433,小倉南区,AREAL5130,北九州,PREF40,福岡県
883,AREAM5034,大濠,AREAL5030,大濠・六本松・桜坂,PREF40,福岡県
884,AREAM5036,六本松,AREAL5030,大濠・六本松・桜坂,PREF40,福岡県
885,AREAM5038,桜坂・小笹,AREAL5030,大濠・六本松・桜坂,PREF40,福岡県
886,AREAM5052,中洲,AREAL5050,中洲・春吉・川端,PREF40,福岡県
887,AREAM5054,西中洲・春吉,AREAL5050,中洲・春吉・川端,PREF40,福岡県
888,AREAM5062,川端・祇園,AREAL5050,中洲・春吉・川端,PREF40,福岡県
889,AREAM5102,姪浜・小戸,AREAL5100,姪浜・福岡市西区・糸島,PREF40,福岡県
890,AREAM5106,その他西区・糸島,AREAL5100,姪浜・福岡市西区・糸島,PREF40,福岡県
891,AREAM5112,香椎,AREAL5110,香椎・箱崎・その他東区,PREF40,福岡県
892,AREAM5114,箱崎,AREAL5110,香椎・箱崎・その他東区,PREF40,福岡県
893,AREAM5116,その他東区,AREAL5110,香椎・箱崎・その他東区,PREF40,福岡県
894,AREAM5122,別府,AREAL5120,別府・その他城南区,PREF40,福岡県
895,AREAM5124,その他城南区,AREAL5120,別府・その他城南区,PREF40,福岡県
896,AREAM5437,宗像,AREAL5155,宗像・糟屋・筑豊,PREF40,福岡県
897,AREAM5148,筑豊・糟屋郡,AREAL5155,宗像・糟屋・筑豊,PREF40,福岡県
898,AREAM5162,佐賀市,AREAL5150,佐賀市,PREF41,佐賀県
899,AREAM5438,鳥栖・みやき・神埼,AREAL5156,鳥栖・みやき・神埼,PREF41,佐賀県
900,AREAM5152,伊万里・有田,AREAL5157,伊万里・有田,PREF41,佐賀県
901,AREAM5439,唐津・呼子・玄海,AREAL5152,唐津・呼子・玄海,PREF41,佐賀県
902,AREAM5150,多久・小城,AREAL5158,多久・小城,PREF41,佐賀県
903,AREAM5153,武雄,AREAL5153,武雄,PREF41,佐賀県
904,AREAM5151,嬉野・鹿島・太良,AREAL5159,嬉野・鹿島・太良,PREF41,佐賀県
905,AREAM5157,白石・大町・江北町,AREAL5160,白石・大町・江北町,PREF41,佐賀県
906,AREAM5202,長崎市,AREAL5200,長崎市,PREF42,長崎県
907,AREAM5203,西海,AREAL5205,西海,PREF42,長崎県
908,AREAM5204,時津・長与,AREAL5206,時津・長与,PREF42,長崎県
909,AREAM5205,雲仙,AREAL5207,雲仙・島原・南島原,PREF42,長崎県
910,AREAM5206,島原・南島原,AREAL5207,雲仙・島原・南島原,PREF42,長崎県
911,AREAM5207,諫早,AREAL5201,諫早・大村,PREF42,長崎県
912,AREAM5212,大村,AREAL5201,諫早・大村,PREF42,長崎県
913,AREAM5222,佐世保,AREAL5202,佐世保,PREF42,長崎県
914,AREAM5208,波佐見・川棚,AREAL5209,波佐見・川棚,PREF42,長崎県
915,AREAM5209,平戸・松浦,AREAL5210,平戸・松浦,PREF42,長崎県
916,AREAM5232,五島,AREAL5203,五島,PREF42,長崎県
917,AREAM5242,壱岐,AREAL5204,壱岐・対馬,PREF42,長崎県
918,AREAM5210,対馬,AREAL5204,壱岐・対馬,PREF42,長崎県
919,AREAM5252,熊本市,AREAL5250,熊本市,PREF43,熊本県
920,AREAM5262,荒尾・玉名・長洲,AREAL5251,荒尾・玉名・長洲,PREF43,熊本県
921,AREAM5253,山鹿・大津・菊陽,AREAL5256,山鹿・大津・菊陽,PREF43,熊本県
922,AREAM5254,西原・益城・御船,AREAL5257,西原・益城・御船,PREF43,熊本県
923,AREAM5266,宇土・宇城・美里,AREAL5253,宇土・宇城・美里,PREF43,熊本県
924,AREAM5255,水俣・芦北・津奈木,AREAL5258,水俣・芦北・津奈木,PREF43,熊本県
925,AREAM5264,小国・阿蘇・南阿蘇,AREAL5252,小国・阿蘇・南阿蘇,PREF43,熊本県
926,AREAM5270,上天草・天草・苓北,AREAL5255,上天草・天草・苓北,PREF43,熊本県
927,AREAM5268,人吉・球磨・錦町,AREAL5254,人吉・球磨・錦町,PREF43,熊本県
928,AREAM5302,大分市,AREAL5300,大分市,PREF44,大分県
929,AREAM5304,臼杵・津久見,AREAL5304,臼杵・津久見,PREF44,大分県
930,AREAM5308,別府,AREAL5302,別府・湯布院・杵築,PREF44,大分県
931,AREAM5444,湯布院,AREAL5302,別府・湯布院・杵築,PREF44,大分県
932,AREAM5303,杵築,AREAL5302,別府・湯布院・杵築,PREF44,大分県
933,AREAM5312,佐伯,AREAL5301,佐伯,PREF44,大分県
934,AREAM5305,豊後大野,AREAL5305,豊後大野,PREF44,大分県
935,AREAM5306,竹田,AREAL5306,竹田,PREF44,大分県
936,AREAM5322,日田,AREAL5307,日田・玖珠・九重,PREF44,大分県
937,AREAM5323,玖珠・九重,AREAL5307,日田・玖珠・九重,PREF44,大分県
938,AREAM5332,中津,AREAL5303,中津・宇佐・豊後高田,PREF44,大分県
939,AREAM5333,宇佐,AREAL5303,中津・宇佐・豊後高田,PREF44,大分県
940,AREAM5334,豊後高田・国東,AREAL5303,中津・宇佐・豊後高田,PREF44,大分県
941,AREAM5352,宮崎市,AREAL5350,宮崎市,PREF45,宮崎県
942,AREAM5358,小林・えびの・高原町,AREAL5353,小林・えびの・高原町,PREF45,宮崎県
943,AREAM5364,都城・三股,AREAL5354,都城・三股,PREF45,宮崎県
944,AREAM5354,日南・串間,AREAL5351,日南・串間,PREF45,宮崎県
945,AREAM5355,延岡,AREAL5355,延岡・日向・門川,PREF45,宮崎県
946,AREAM5359,日向・門川,AREAL5355,延岡・日向・門川,PREF45,宮崎県
947,AREAM5362,高鍋・西都・都農,AREAL5352,高鍋・西都・都農,PREF45,宮崎県
948,AREAM5356,五ヶ瀬・高千穂・日之影,AREAL5356,五ヶ瀬・高千穂・日之影,PREF45,宮崎県
949,AREAM5357,美郷・椎葉・西米良,AREAL5357,美郷・椎葉・西米良,PREF45,宮崎県
950,AREAM5402,鹿児島市,AREAL5400,鹿児島市,PREF46,鹿児島県
951,AREAM5404,いちき串木野・日置,AREAL5404,いちき串木野・日置,PREF46,鹿児島県
952,AREAM5405,枕崎・南さつま,AREAL5405,枕崎・南さつま・指宿,PREF46,鹿児島県
953,AREAM5403,指宿・南九州,AREAL5405,枕崎・南さつま・指宿,PREF46,鹿児島県
954,AREAM5445,さつま・薩摩川内・姶良,AREAL5406,霧島・薩摩川内・姶良,PREF46,鹿児島県
955,AREAM5406,霧島・湧水,AREAL5406,霧島・薩摩川内・姶良,PREF46,鹿児島県
956,AREAM5407,阿久根・出水・伊佐,AREAL5407,阿久根・出水・伊佐,PREF46,鹿児島県
957,AREAM5408,志布志・曽於・大崎,AREAL5408,志布志・曽於・大崎,PREF46,鹿児島県
958,AREAM5412,鹿屋・垂水,AREAL5401,鹿屋・垂水・肝付,PREF46,鹿児島県
959,AREAM5413,肝付・錦江・南大隅,AREAL5401,鹿屋・垂水・肝付,PREF46,鹿児島県
960,AREAM5422,種子島,AREAL5402,種子島・屋久島,PREF46,鹿児島県
961,AREAM5430,屋久島,AREAL5402,種子島・屋久島,PREF46,鹿児島県
962,AREAM5432,奄美大島,AREAL5403,奄美大島・徳之島・与論,PREF46,鹿児島県
963,AREAM5409,徳之島・沖永良部・与論,AREAL5403,奄美大島・徳之島・与論,PREF46,鹿児島県
964,AREAM8102,那覇,AREAL8100,那覇,PREF47,沖縄県
965,AREAM8406,国頭・大宜味,AREAL8400,名護・本島北部,PREF47,沖縄県
966,AREAM8402,名護・宜野座,AREAL8400,名護・本島北部,PREF47,沖縄県
967,AREAM8404,本部・今帰仁,AREAL8400,名護・本島北部,PREF47,沖縄県
968,AREAM8408,伊江島・伊是名・伊平屋,AREAL8400,名護・本島北部,PREF47,沖縄県
969,AREAM8302,恩納村・読谷・北谷,AREAL8200,恩納・北谷・本島中部,PREF47,沖縄県
970,AREAM8352,沖縄市・うるま市,AREAL8200,恩納・北谷・本島中部,PREF47,沖縄県
971,AREAM8202,宜野湾・北中城・中城,AREAL8200,恩納・北谷・本島中部,PREF47,沖縄県
972,AREAM8603,浦添,AREAL8200,恩納・北谷・本島中部,PREF47,沖縄県
973,AREAM8156,南風原・南城市・八重瀬,AREAL8150,糸満・本島南部,PREF47,沖縄県
974,AREAM8152,糸満・豊見城,AREAL8150,糸満・本島南部,PREF47,沖縄県
975,AREAM8552,石垣島・西表島・与那国島,AREAL8450,沖縄離島,PREF47,沖縄県
976,AREAM8502,宮古島・伊良部島・多良間島,AREAL8450,沖縄離島,PREF47,沖縄県
977,AREAM8454,久米島・慶良間諸島,AREAL8450,沖縄離島,PREF47,沖縄県
978,AREAM8602,大東島,AREAL8450,沖縄離島,PREF47,沖縄県
